cluster,term,count_in_cluster,cluster_size,p_value
18,"GO:0055114,GO:0020037,GO:0016705,GO:0005506",157,157,2.03e-321
24,"GO:0055114,GO:0020037,GO:0006979,GO:0004601",83,83,6.333388035212697e-226
140,"GO:0006355,GO:0003700",89,115,9.648272944033241e-195
30,"GO:0006281,GO:0003678,GO:0000723",69,79,4.455663549620438e-167
68,"GO:0046872,GO:0030001",52,64,1.59951651405996e-129
12,"GO:0055114,GO:0020037,GO:0016705,GO:0005506",64,65,9.661414230515178e-124
87,"GO:0006412,GO:0005840,GO:0005622,GO:0003735",72,123,7.610886097889239e-119
69,"GO:0006508,GO:0004190",47,87,2.0007355422892257e-117
14,GO:0005515,103,151,1.0458303876209601e-110
19,"GO:0048046,GO:0016762,GO:0006073,GO:0005618,GO:0005975,GO:0004553",28,28,1.296059741910627e-93
48,GO:0009055,36,65,3.948733180132419e-93
60,"GO:0042546,GO:0016020,GO:0008107",27,27,1.0854963216980755e-90
22,GO:0016788,33,42,2.3516331609716794e-88
0,"GO:0003924,GO:0007017,GO:0005874",26,26,2.545705973646326e-86
41,GO:0006950,41,131,5.761929197106606e-83
146,"GO:0006355,GO:0003677",45,201,3.5633155694447314e-80
20,"GO:0046983,GO:0008171",27,38,3.65571110262323e-80
49,"GO:0008270,GO:0005515",34,38,7.237938513913655e-79
13,"GO:0055114,GO:0020037,GO:0016705,GO:0005506",40,40,5.992163507954384e-78
54,GO:0016020,33,35,1.1050960204077032e-76
15,"GO:0016829,GO:0010333,GO:0000287",25,36,5.109792744792339e-76
16,"GO:0009607,GO:0006952",25,36,5.109792744792339e-76
5,"GO:0055114,GO:0016491",44,97,2.145439058401576e-75
56,GO:0043531,33,58,3.614963428690139e-74
31,GO:0008168,27,27,5.3130920406399316e-73
37,"GO:0005975,GO:0004553",28,28,1.9815244368597693e-71
10,"GO:0016020,GO:0009765",23,23,2.2309256577760397e-70
242,None,241,242,1.8328379937980526e-69
42,GO:0007034,21,22,4.719048050772028e-69
45,GO:0045735,26,26,1.6621758725360042e-68
101,"GO:0055114,GO:0050660,GO:0016491,GO:0019139,GO:0009690",21,26,5.577510723202071e-68
82,"GO:0006468,GO:0005524,GO:0004672",48,84,4.5719360882754635e-66
167,"GO:0006468,GO:0004672",42,59,7.201206422933921e-62
96,"GO:0016887,GO:0005524,GO:0016020",23,47,2.197914524404119e-61
148,GO:0003676,37,73,6.928412983931832e-61
26,GO:0045735,23,23,2.066478107342004e-60
9,"GO:0016758,GO:0008152",19,29,4.448698618638338e-58
65,"GO:0006468,GO:0004672",56,164,5.9169214475622696e-58
197,"GO:0055114,GO:0016491,GO:0008270",29,70,4.942832937621283e-56
50,"GO:0016021,GO:0016020,GO:0022857",17,21,1.925807507076778e-55
78,"GO:0050662,GO:0003824",19,20,9.917728087727509e-54
141,"GO:0019773,GO:0006511,GO:0004175,GO:0051603,GO:0005839,GO:0004298",20,57,2.4036252205116837e-53
146,GO:0046983,39,201,1.4090288041156654e-52
28,GO:0005525,24,31,5.641721314730324e-51
17,"GO:0006281,GO:0003678,GO:0000723",28,67,1.7528665329864083e-50
64,"GO:0006468,GO:0004672",35,54,2.4237661711938428e-49
11,"GO:0055114,GO:0020037,GO:0016705,GO:0005506",25,25,1.0719091145285847e-48
80,"GO:0005515,GO:0006468,GO:0004672",25,83,2.6442143303742257e-48
25,GO:0045735,20,25,1.1224075930405985e-47
133,"GO:0016567,GO:0004842,GO:0005515",17,41,4.625486319396895e-47
141,"GO:0051603,GO:0005839,GO:0004298",17,57,2.4967563512448706e-46
215,None,162,163,2.629587675058581e-46
63,"GO:0055114,GO:0016491,GO:0005507",16,56,1.0276999563667924e-43
86,"GO:0006412,GO:0005840,GO:0003735",27,109,8.362054893228404e-41
21,GO:0005515,38,57,1.280664116978953e-40
3,None,136,136,1.4644649927530214e-40
145,GO:0046983,19,25,3.891520668457657e-40
86,"GO:0006412,GO:0005840,GO:0005622,GO:0003735",32,109,7.0384864116606495e-40
82,"GO:0006468,GO:0004672",34,84,1.9807082130781512e-38
116,"GO:0042545,GO:0030599,GO:0005618",15,48,6.092951926341845e-38
172,"GO:0055114,GO:0016616,GO:0006694,GO:0003854",17,75,4.372356315487389e-37
161,GO:0005515,27,29,9.913864873982162e-37
166,"GO:0016020,GO:0015979,GO:0009539,GO:0009523",15,75,1.1166501066365181e-36
100,"GO:0006412,GO:0005840,GO:0005622,GO:0003735",27,75,1.4558052098497558e-36
74,GO:0005515,36,59,1.9062861885706488e-36
36,"GO:0016747,GO:0008610,GO:0016020,GO:0006633",12,31,2.4166570915730725e-36
33,GO:0046983,19,35,8.583682475855761e-36
114,GO:0016021,18,25,1.0294607284423189e-35
65,"GO:0006468,GO:0005524,GO:0004672",39,164,1.3903120854051665e-35
56,"GO:0005515,GO:0043531",13,58,2.9937018346291814e-35
27,GO:0005525,19,37,3.707718098019677e-35
84,GO:0019904,12,38,4.636489990858561e-35
126,"GO:0005975,GO:0004553",21,79,1.780519265682949e-34
39,GO:0006355,15,61,8.191310207774823e-34
65,"GO:0005515,GO:0006468,GO:0004672",22,164,9.266130767104052e-34
90,"GO:0016020,GO:0006810,GO:0005215",16,39,1.3349300357498125e-33
115,"GO:0004857,GO:0042545,GO:0030599,GO:0005618",11,32,4.320890816605354e-33
143,"GO:0043565,GO:0006355,GO:0003700",18,54,1.1700125718593373e-32
239,None,114,115,2.4436737737189132e-32
105,"GO:0055114,GO:0004097,GO:0016491,GO:0008152",10,22,4.6200977557942325e-32
43,None,107,107,4.869927644728357e-32
134,GO:0005524,18,43,1.516411370662146e-31
5,GO:0016747,15,97,2.674317795835875e-31
104,None,104,104,3.700240114333166e-31
55,GO:0043531,14,26,1.5535595288747255e-30
27,"GO:0007264,GO:0005525",14,37,2.6383759724653266e-30
153,"GO:0055114,GO:0016491,GO:0008270",15,31,2.9709026075128153e-30
133,"GO:0016567,GO:0004842",12,41,1.6884141015543748e-29
122,"GO:0055085,GO:0016021",21,106,2.5868245040251063e-29
80,"GO:0006468,GO:0004672",28,83,3.5642905521507925e-29
69,GO:0030246,12,87,3.9369231631995334e-29
128,"GO:0016757,GO:0016021",14,91,4.806414379632441e-29
123,"GO:0071805,GO:0016020,GO:0015079",12,109,5.366244530864671e-29
35,GO:0005515,29,50,1.1141437496632584e-28
162,GO:0005515,25,35,2.4913204283019995e-28
211,None,170,193,5.090420681625048e-28
150,GO:0005515,33,72,5.329223104911306e-28
123,GO:0055085,14,109,7.167659157617549e-28
115,"GO:0008234,GO:0006508",11,32,7.203957502489342e-28
20,GO:0008171,11,38,1.2730036026376034e-27
53,"GO:0016192,GO:0016021",12,71,4.013693117385584e-27
236,None,95,96,7.718089150446116e-27
88,"GO:0031225,GO:0016049,GO:0010215",9,36,1.5785868458855158e-26
53,"GO:0005515,GO:0016020",10,71,3.298984206807428e-26
40,"GO:0043565,GO:0006355,GO:0003700,GO:0003677",11,41,1.4106011897601534e-25
139,"GO:0006355,GO:0003700",14,28,3.7053850418558935e-25
168,"GO:0006468,GO:0004672",20,41,3.9796217472516495e-25
100,"GO:0006412,GO:0005840,GO:0003735",17,75,4.172148197733072e-25
8,GO:0003676,14,24,1.1623252120875263e-24
120,GO:0016021,23,176,1.3216816310543717e-24
154,"GO:0016597,GO:0008152",9,38,1.5000092848354244e-24
198,GO:0005089,8,34,7.93916427277137e-24
5,GO:0006950,15,97,7.9545235898533e-24
80,"GO:0005515,GO:0006468,GO:0005524,GO:0004672",12,83,1.540264699768435e-23
58,None,88,90,1.8089887766847226e-23
217,None,99,104,3.008234230329767e-23
87,"GO:0006412,GO:0005840,GO:0003735",18,123,7.627708544037426e-23
44,None,81,82,8.417159674224195e-23
130,"GO:0003824,GO:0006470,GO:0004722",10,31,9.367008575184209e-23
233,None,112,123,1.143685672634195e-21
63,"GO:0046872,GO:0030001",13,56,1.3964189402570716e-21
73,"GO:0046872,GO:0000166",8,31,1.701562057887857e-21
6,None,71,71,1.759404374752286e-21
73,"GO:0055085,GO:0016021",12,31,3.899307120631029e-21
221,None,103,112,7.301075480680485e-21
226,GO:0008289,8,24,7.775542403138385e-21
130,"GO:0005992,GO:0003824",8,31,1.0304831272109717e-20
181,"GO:0008017,GO:0007010",7,36,1.0709202565874531e-20
75,"GO:0016491,GO:0016020,GO:0009055",8,86,2.3201705819789308e-20
175,None,67,67,2.6123287931356135e-20
32,None,67,67,2.6123287931356135e-20
65,"GO:0006468,GO:0005524,GO:0004672,GO:0030246",9,164,3.1716620748280235e-20
129,None,66,66,5.12741798330743e-20
173,"GO:0006468,GO:0004672",16,35,9.238799649246448e-20
102,"GO:0006468,GO:0005524,GO:0004672",13,20,1.0936205248719182e-19
160,"GO:0031625,GO:0006511",8,67,1.277685738380164e-19
151,GO:0009733,7,32,5.167175776597372e-19
173,"GO:0006468,GO:0005524,GO:0004672",15,35,7.99231796067174e-19
135,GO:0007165,9,55,8.499898537725178e-19
117,None,61,61,1.4927439359594627e-18
126,GO:0016787,14,79,1.6989276197460275e-18
137,"GO:0006355,GO:0005739,GO:0003690",17,2132,1.8318280721814056e-18
52,GO:0016787,11,33,3.816498263700306e-18
187,"GO:0007275,GO:0006355,GO:0003700",6,24,4.050307791003944e-18
66,"GO:0016020,GO:0008375",8,38,4.2875904874242485e-18
137,"GO:0045454,GO:0015035,GO:0006662",24,2132,4.6744042603605796e-18
59,"GO:0015986,GO:0015078,GO:0000276",8,166,5.26878762444594e-18
147,GO:0005515,15,20,5.280066728558165e-18
75,"GO:0019684,GO:0016168,GO:0016020,GO:0009767,GO:0009521",7,86,6.8932561683072775e-18
111,"GO:0055085,GO:0016020,GO:0006810,GO:0015171,GO:0003333",8,60,7.100859523992256e-18
143,GO:0000160,8,54,1.0887960830716266e-17
132,GO:0005515,22,55,1.5482328372626816e-17
146,"GO:0043565,GO:0006355,GO:0003700,GO:0003677",11,201,1.6987201609166788e-17
85,"GO:0051082,GO:0006950,GO:0006457,GO:0005524",7,24,2.22034602722201e-17
183,None,56,56,4.3413592947705077e-17
140,"GO:0043565,GO:0006355,GO:0003700",13,115,4.565945674528097e-17
62,"GO:0006508,GO:0004252",7,26,6.48183333300489e-17
59,None,136,166,9.852361668251233e-17
84,GO:0006511,7,38,1.0322626455202513e-16
81,"GO:0006468,GO:0004672",12,21,1.1171031901649796e-16
249,GO:0006629,11,52,1.7527274955635657e-16
41,"GO:0006334,GO:0005634,GO:0003677,GO:0000786",9,131,1.8476833764017585e-16
8,"GO:0008270,GO:0003676",7,24,2.110158320384857e-16
185,"GO:0016746,GO:0008152",9,64,2.297625679973887e-16
96,"GO:0055085,GO:0016020,GO:0006811,GO:0005216",7,47,2.740271821161597e-16
137,"GO:0019898,GO:0015979,GO:0009654,GO:0009523,GO:0005509",16,2132,3.1597995401232003e-16
133,"GO:0045454,GO:0015035,GO:0009055",8,41,3.2024631921781177e-16
23,None,62,64,3.8120271081139567e-16
123,"GO:0055085,GO:0016021,GO:0015299,GO:0006812",8,109,4.875262315417262e-16
135,"GO:0006468,GO:0004672",16,55,4.983779441044739e-16
248,"GO:0055114,GO:0004471,GO:0051287",7,158,5.468013522976971e-16
113,None,57,58,6.405652169811084e-16
9,GO:0016021,10,29,6.437160021828878e-16
65,"GO:0005515,GO:0006468,GO:0005524,GO:0004672",10,164,1.0110828878466838e-15
136,"GO:0016787,GO:0005524,GO:0003677",8,61,1.94025135784868e-15
75,"GO:0055114,GO:0042773,GO:0016651",6,86,2.0224813597813552e-15
75,"GO:0020037,GO:0017004",6,86,2.0224813597813552e-15
158,GO:0003723,10,121,2.8029842943639573e-15
115,"GO:0006629,GO:0006508,GO:0004190",5,32,3.3889757079917566e-15
119,"GO:0016559,GO:0005779",5,33,3.9941499415617115e-15
89,GO:0055085,7,39,4.745945674457945e-15
53,"GO:0050662,GO:0003824",9,71,5.147412221629397e-15
55,"GO:0007165,GO:0005515",5,26,6.637155026892639e-15
247,"GO:0055114,GO:0016491,GO:0008152",8,63,6.957288160358478e-15
84,"GO:0008565,GO:0006606,GO:0005737,GO:0005634,GO:0005515",5,38,8.447229286612101e-15
136,"GO:0005524,GO:0003676",8,61,9.699358885190417e-15
200,"GO:0006468,GO:0005524,GO:0004672",18,102,1.372495968206804e-14
125,GO:0016787,9,30,1.428662419317015e-14
79,"GO:0048366,GO:0043565,GO:0009956,GO:0008356,GO:0005634,GO:0003700",5,42,1.4315972050124798e-14
247,"GO:0030955,GO:0006096,GO:0004743,GO:0000287",7,63,2.2074950601499697e-14
-1,GO:0003677,63,7479,2.2464598039873935e-14
143,"GO:0043565,GO:0006355,GO:0005634,GO:0003700",6,54,2.3168170722190148e-14
191,"GO:0031361,GO:0020037,GO:0015979,GO:0009055,GO:0005506",5,35,3.2744663382107234e-14
92,None,46,46,3.660742231884996e-14
120,"GO:0016021,GO:0005783",7,176,4.194626706728253e-14
123,"GO:0016020,GO:0006810,GO:0005215",10,109,5.034914900775576e-14
138,"GO:0006355,GO:0005634,GO:0003677,GO:0009725",5,26,6.185444529290193e-14
243,None,64,69,6.834489897866151e-14
172,"GO:0006457,GO:0003755,GO:0000413",8,75,7.300510017000776e-14
121,"GO:0008373,GO:0006486",5,58,7.711286258144147e-14
5,GO:0003677,11,97,8.226679725638261e-14
213,None,85,98,8.453555296898909e-14
80,"GO:0006468,GO:0005524,GO:0004672",16,83,9.65685376212245e-14
28,"GO:0007264,GO:0005525",7,31,1.0525851258124838e-13
65,"GO:0006950,GO:0006468,GO:0005524,GO:0004672",6,164,1.0597424982960486e-13
247,"GO:0030976,GO:0003824,GO:0000287",5,63,1.1828912948013038e-13
123,"GO:0055085,GO:0016021,GO:0008324,GO:0006812",7,109,1.2773990007830378e-13
87,"GO:0006412,GO:0005840,GO:0003735,GO:0015934",7,123,1.5234644407358607e-13
108,GO:0016020,8,24,1.5440492578994698e-13
158,GO:0003676,14,121,2.451870040600925e-13
172,"GO:0055114,GO:0051287,GO:0016616",5,75,2.9045990309051645e-13
121,GO:0016757,7,58,3.297491965575905e-13
153,"GO:0020037,GO:0009055",5,31,3.589620413125187e-13
197,"GO:0016491,GO:0008152",7,70,3.6310642007308524e-13
126,"GO:0016020,GO:0005509,GO:0004571",5,79,3.792859668158063e-13
189,GO:0006397,7,130,4.503876479758559e-13
14,"GO:0003677,GO:0000786",8,151,4.602929934576737e-13
169,"GO:0006468,GO:0004672",10,21,4.852744277953021e-13
73,"GO:0016020,GO:0006810,GO:0005215",7,31,4.990098210832685e-13
64,"GO:0005515,GO:0006468,GO:0004672",8,54,5.103459641039057e-13
61,"GO:0006633,GO:0004315",4,23,6.996267515871042e-13
149,GO:0043531,7,28,7.155214028087896e-13
160,"GO:0030131,GO:0016192,GO:0006886,GO:0030117",5,67,9.73030345617035e-13
143,"GO:0006355,GO:0005634,GO:0003700,GO:0046983,GO:0003677",5,54,1.1137806176279021e-12
72,"GO:0006413,GO:0003743",5,28,1.302469698564325e-12
72,"GO:0006413,GO:0003743,GO:0003723",5,28,1.302469698564325e-12
158,"GO:0006886,GO:0005622",6,121,1.3713454776255854e-12
252,GO:0071949,6,34,1.6761368240706753e-12
146,"GO:0005634,GO:0003677",8,201,1.7494932124113599e-12
30,"GO:0005524,GO:0004386,GO:0006281,GO:0003678,GO:0000723",5,79,2.2697371953598887e-12
36,"GO:0016844,GO:0009058",4,31,2.486025492793702e-12
77,"GO:0016021,GO:0012511",4,31,2.486025492793702e-12
167,"GO:0006468,GO:0005524,GO:0004672",13,59,3.3733473578223543e-12
75,"GO:0055114,GO:0016020",5,86,3.5064583308416672e-12
29,"GO:0005975,GO:0004553",7,26,3.619124501810443e-12
224,"GO:0006334,GO:0005634",5,124,3.789071001458768e-12
86,"GO:0006412,GO:0005840,GO:0005622,GO:0003735,GO:0008097",6,109,3.949417884162009e-12
84,"GO:0006412,GO:0005840,GO:0003735",8,38,4.213628312013401e-12
250,GO:0019825,4,36,4.654038825775085e-12
209,GO:0016740,5,59,4.6910817345286865e-12
146,"GO:0008270,GO:0005622",7,201,4.987337694304202e-12
141,GO:0005524,9,57,5.8141266807507e-12
101,"GO:0055114,GO:0050660,GO:0019139,GO:0009690",4,26,5.901512039489414e-12
138,"GO:0043565,GO:0006355,GO:0003700,GO:0006351",4,26,5.901512039489414e-12
166,GO:0009512,5,75,6.069379337855267e-12
172,"GO:0005525,GO:0003924",6,75,6.763689210999718e-12
120,"GO:0016021,GO:0004252,GO:0006508",7,176,7.218964984531148e-12
136,GO:0005524,9,61,1.1034811033920171e-11
196,"GO:0016491,GO:0008152",6,56,1.36680151347492e-11
168,"GO:0006468,GO:0005524,GO:0004672",11,41,1.5567452234482065e-11
2,None,37,37,1.568177150673081e-11
55,"GO:0007165,GO:0005515,GO:0043531",4,26,1.769126180841446e-11
233,GO:0098599,5,123,2.1726316285044764e-11
112,None,57,63,2.3338591027076263e-11
245,None,48,51,2.4884808746837383e-11
230,"GO:0043565,GO:0006351",5,127,2.555975676445307e-11
103,None,51,55,2.694203394686825e-11
110,GO:0004869,4,56,2.9019300913656417e-11
84,"GO:0005680,GO:0004842",4,38,2.912654347607891e-11
7,None,36,36,3.074193741936643e-11
90,"GO:0055085,GO:0016021,GO:0016020,GO:0006810,GO:0005215",4,39,3.245418393404363e-11
180,"GO:0006351,GO:0005634,GO:0003700",4,21,3.302427321402119e-11
97,"GO:0030532,GO:0008380",4,25,3.490628399375003e-11
209,"GO:0055114,GO:0004616,GO:0050661,GO:0006098",4,59,3.5959155837699876e-11
209,"GO:0055114,GO:0006260,GO:0005524,GO:0004748",4,59,3.5959155837699876e-11
153,"GO:0055114,GO:0016491,GO:0016209,GO:0006979,GO:0004602",4,31,3.722178730665754e-11
86,"GO:0006412,GO:0005840,GO:0003735,GO:0019843",5,109,4.0984078540169735e-11
79,"GO:0005634,GO:0000989",4,42,4.4160252941356e-11
34,None,35,35,6.026283459505034e-11
201,None,35,35,6.026283459505034e-11
160,"GO:0008601,GO:0007165,GO:0000159",4,67,6.055899633613592e-11
193,"GO:0006886,GO:0005784",4,67,6.055899633613592e-11
246,"GO:0030145,GO:0006007,GO:0005737,GO:0004619,GO:0046872,GO:0003824",4,70,7.244317000524651e-11
158,GO:0005096,6,121,7.96725468901849e-11
184,"GO:0055114,GO:0050660,GO:0017150,GO:0008033",5,68,7.996652839502129e-11
190,GO:0006629,7,34,8.096880459690515e-11
95,None,46,49,8.48928191664704e-11
100,"GO:0045905,GO:0045901,GO:0043022,GO:0006452,GO:0003746,GO:0003723",4,75,9.603177134009551e-11
166,"GO:0015979,GO:0009522",4,75,9.603177134009551e-11
128,"GO:0016020,GO:0008378,GO:0006486",5,91,9.741241306412346e-11
97,"GO:0005681,GO:0000398",4,25,1.254828133736483e-10
214,"GO:0051082,GO:0016272,GO:0006457",6,390,1.395985001222357e-10
67,"GO:0016021,GO:0015012",4,56,1.448393683925114e-10
178,"GO:0016790,GO:0006633",5,44,1.5379808163808428e-10
96,"GO:0055085,GO:0016020,GO:0015297,GO:0015238,GO:0006855",5,47,1.569071811360321e-10
181,"GO:0008270,GO:0005515",7,36,1.7843506485732276e-10
134,"GO:0051082,GO:0006950,GO:0006457,GO:0005524",5,43,1.848429127278242e-10
147,"GO:0006810,GO:0005622",4,20,1.886608164281785e-10
224,"GO:0006355,GO:0005634,GO:0003682,GO:0003677",5,124,2.0951024833629237e-10
137,"GO:0051536,GO:0009055",11,2132,2.2191200448428422e-10
51,None,33,33,2.3154362890798342e-10
176,None,41,43,2.4178551115539e-10
184,"GO:0003824,GO:0006470,GO:0004722",6,68,2.6477168349315446e-10
88,"GO:0006468,GO:0004672",10,36,2.7924632130421473e-10
1,None,37,38,2.999405560032101e-10
159,"GO:0015031,GO:0008565",4,29,3.9206489673456407e-10
169,"GO:0006468,GO:0005524,GO:0004672",8,21,4.048899185844826e-10
137,"GO:0015979,GO:0009538,GO:0009522",9,2132,4.134831887686433e-10
148,"GO:0046872,GO:0005634,GO:0003723",4,73,4.2896897882408363e-10
252,GO:0016301,4,34,4.593253768732316e-10
86,GO:0006412,5,109,4.863826091875549e-10
208,None,43,46,5.297102024922669e-10
209,"GO:0015977,GO:0008964,GO:0006099",4,59,5.373672051986843e-10
126,"GO:0008081,GO:0006629,GO:0008889",4,79,5.920401084683526e-10
232,"GO:0006810,GO:0005886,GO:0015743",4,80,6.231788209299536e-10
158,"GO:0003723,GO:0046872",4,121,6.712158217617846e-10
87,"GO:0019843,GO:0005622,GO:0003723",4,123,7.17295586195509e-10
75,"GO:0055114,GO:0020037,GO:0016021,GO:0009060,GO:0009055,GO:0005506,GO:0004129",4,86,8.365578704774961e-10
146,"GO:0043565,GO:0006355,GO:0003700",10,201,8.638290481039832e-10
151,GO:0005515,12,32,8.829161615575514e-10
123,"GO:0055085,GO:0016020,GO:0006810,GO:0005215",5,109,8.884102686070491e-10
123,"GO:0055085,GO:0016020,GO:0006821,GO:0005247",5,109,8.884102686070491e-10
38,None,31,31,8.894980059623634e-10
120,GO:0016020,11,176,9.204862832719618e-10
235,None,45,49,9.620808365663661e-10
241,None,42,45,9.724545810829434e-10
128,"GO:0016021,GO:0015012,GO:0006024",4,91,1.052697512158832e-09
94,None,35,36,1.0934942357439872e-09
-1,"GO:0051082,GO:0031072",18,7479,1.1251833434912024e-09
138,"GO:0046983,GO:0003677,GO:0006355,GO:0005634,GO:0003700",3,26,1.205582122617699e-09
214,"GO:0006414,GO:0005853,GO:0003746",5,390,1.2331721367253936e-09
209,"GO:0006096,GO:0004634,GO:0000287,GO:0000015",4,59,1.2515067661644237e-09
155,"GO:0016758,GO:0008152,GO:0030259,GO:0005975",3,27,1.3562798879449115e-09
130,"GO:0006470,GO:0004722",4,31,1.7628420227070534e-09
251,GO:0033926,5,232,1.864959398341219e-09
86,"GO:0019843,GO:0006412,GO:0005840,GO:0005622,GO:0003735",4,109,2.18987649567088e-09
86,GO:0005840,4,109,2.18987649567088e-09
65,"GO:0030246,GO:0006468,GO:0005524,GO:0004672",4,164,2.295297285147794e-09
107,"GO:0016021,GO:0005789",3,32,2.2998797416091494e-09
224,"GO:0008017,GO:0007018,GO:0005524,GO:0003777,GO:0005871",6,124,2.392216077242952e-09
59,"GO:0005751,GO:0005743,GO:0004129",4,166,2.4104053615596227e-09
86,"GO:0006412,GO:0005840,GO:0003735,GO:0015934",5,109,2.456623895874059e-09
158,GO:0046872,7,121,3.126886063137798e-09
61,"GO:0016747,GO:0008610",3,23,3.282648718446693e-09
91,None,29,29,3.416536018544526e-09
108,"GO:0035556,GO:0016020",3,24,3.751478599353091e-09
137,GO:0004518,9,2132,3.79819959454218e-09
154,"GO:0055114,GO:0016491,GO:0050664,GO:0004601",3,38,3.911650302462658e-09
89,"GO:0016021,GO:0008643,GO:0005351,GO:0000139",3,39,4.237621161001213e-09
89,"GO:0015780,GO:0005794",3,39,4.237621161001213e-09
174,"GO:0006094,GO:0005524,GO:0004612",3,26,4.818784926404316e-09
136,"GO:0006468,GO:0004672",11,61,5.235579156742293e-09
209,"GO:0046034,GO:0015992,GO:0033178,GO:0016820,GO:0015991,GO:0005524",4,59,7.466901743988874e-09
207,None,32,33,7.56715240123002e-09
212,"GO:0005515,GO:0043562,GO:0009744",3,49,8.542940395041729e-09
232,"GO:0008408,GO:0006139,GO:0003676",4,80,8.65689674415704e-09
-1,None,4022,7479,9.115243965841639e-09
248,"GO:0006464,GO:0004719",4,158,9.821194322018901e-09
119,"GO:0016021,GO:0006952",3,33,1.0109771689729065e-08
100,"GO:0005737,GO:0000045",4,75,1.1954337170387484e-08
100,"GO:0006412,GO:0005840,GO:0005622,GO:0003735,GO:0003723",4,75,1.1954337170387484e-08
76,GO:0045039,3,55,1.2164787302644364e-08
46,None,27,27,1.312066743706843e-08
141,"GO:0005524,GO:0051082,GO:0006457",3,57,1.3567435733766879e-08
96,"GO:0055085,GO:0016021,GO:0015299,GO:0006812",4,47,1.3901230807324908e-08
145,"GO:0043565,GO:0006355,GO:0003700",5,25,1.468320308705129e-08
209,"GO:0008152,GO:0003824,GO:0048037",3,59,1.5073949701607227e-08
120,"GO:0008374,GO:0019432,GO:0004144",4,176,1.5171531817630612e-08
120,"GO:0016627,GO:0016021,GO:0006629,GO:0005737",4,176,1.5171531817630612e-08
81,"GO:0006468,GO:0005524,GO:0004672",7,21,1.5573079815282627e-08
111,GO:0071705,3,60,1.5867315475376026e-08
137,"GO:0008168,GO:0008152",14,2132,1.597657280377592e-08
136,"GO:0005524,GO:0009378,GO:0006310,GO:0006281",3,61,1.6688038689619612e-08
136,"GO:0006468,GO:0005524,GO:0004672,GO:0007049",3,61,1.6688038689619612e-08
247,"GO:0004017,GO:0019205,GO:0006139,GO:0005524",3,63,1.8413412181258254e-08
168,"GO:0006468,GO:0004672,GO:0005524",4,41,1.873322865369062e-08
99,None,50,58,1.877233114225044e-08
90,"GO:0055085,GO:0016021",6,39,1.8921483929573138e-08
185,"GO:0016779,GO:0009435",3,64,1.9318989829516857e-08
160,GO:0005515,15,67,2.2357392189978967e-08
62,"GO:0005515,GO:0003676",3,26,2.4058528834094693e-08
224,GO:0003676,10,124,2.435872963527421e-08
185,"GO:0016020,GO:0008236,GO:0006508",4,64,2.4445752031132e-08
47,None,26,26,2.5710719646902485e-08
53,"GO:0016020,GO:0005515",3,71,2.6501940853159466e-08
53,"GO:0016020,GO:0006886",3,71,2.6501940853159466e-08
158,"GO:0006355,GO:0005634",5,121,2.7167721013561046e-08
96,"GO:0016887,GO:0005524,GO:0016021,GO:0006810,GO:0005215",3,47,3.0032359659862217e-08
139,GO:0003700,3,28,3.0307931885076145e-08
100,"GO:0006352,GO:0003677",3,75,3.1310358780676984e-08
166,"GO:0042549,GO:0015979,GO:0009539,GO:0009523",3,75,3.1310358780676984e-08
159,"GO:0030127,GO:0008270,GO:0006888,GO:0006886",3,29,3.380175860878221e-08
237,None,33,35,3.513893717943229e-08
83,None,33,35,3.513893717943229e-08
155,"GO:0003824,GO:0006470,GO:0004722",4,27,3.723317535784202e-08
232,GO:0006629,7,80,4.096931836439413e-08
73,"GO:0016021,GO:0015693,GO:0015095",3,31,4.15735520779544e-08
182,"GO:0016746,GO:0008152",4,25,4.5366263773335924e-08
122,"GO:0055085,GO:0022857,GO:0016021",4,106,4.860074725157642e-08
122,"GO:0016020,GO:0015171,GO:0003333",4,106,4.860074725157642e-08
69,GO:0048544,3,87,4.914833734110116e-08
205,GO:0008270,5,27,4.9880653467097424e-08
137,"GO:0016987,GO:0006355,GO:0006352,GO:0003700,GO:0003677",7,2132,5.0464862365487945e-08
247,"GO:0008152,GO:0003824",6,63,5.097421811682314e-08
224,"GO:0019901,GO:0006355,GO:0000079",4,124,5.104099199473782e-08
136,"GO:0016887,GO:0005524",5,61,5.387399899712707e-08
128,"GO:0016020,GO:0008417,GO:0006486",3,91,5.6330824679312006e-08
128,GO:0008146,3,91,5.6330824679312006e-08
128,"GO:0016020,GO:0006487,GO:0003830",3,91,5.6330824679312006e-08
128,GO:0016757,5,91,5.907315742874386e-08
238,None,32,34,6.505304399948902e-08
250,"GO:0008124,GO:0006729",3,36,6.60050762262916e-08
110,GO:0008289,4,56,6.749194794417303e-08
214,"GO:0005515,GO:0042393,GO:0006355",4,390,7.499347859453856e-08
193,GO:0005509,4,67,8.07320692479844e-08
75,"GO:0055114,GO:0008137",4,86,8.121315243608981e-08
224,"GO:0005681,GO:0000398",4,124,9.149825995480512e-08
70,None,24,24,9.871372483754483e-08
158,"GO:0008270,GO:0005685,GO:0000398,GO:0000387",3,121,1.335321306428635e-07
197,"GO:0055114,GO:0016491",7,70,1.3508691246799867e-07
87,"GO:0003723,GO:0006412,GO:0005840,GO:0005622,GO:0003735",3,123,1.4032094904949645e-07
123,"GO:0033177,GO:0015991,GO:0015078",4,109,1.4145751812873503e-07
86,"GO:0015934,GO:0006412,GO:0003735",4,109,1.4145751812873503e-07
97,GO:0006396,3,25,1.7498162425003058e-07
107,"GO:0016021,GO:0006886,GO:0005783",3,32,1.9211849407576352e-07
130,GO:0005634,4,31,1.9799499959285828e-07
134,"GO:0030532,GO:0008380",3,43,1.9926020071327997e-07
137,"GO:0016853,GO:0009507",9,2132,2.1059269755060654e-07
193,"GO:0030132,GO:0030130,GO:0016192,GO:0006886,GO:0005198",3,67,2.212210963240865e-07
160,GO:0006886,3,67,2.212210963240865e-07
128,"GO:0016020,GO:0008378,GO:0006486,GO:0030246",3,91,2.2468980190296314e-07
150,GO:0051260,3,72,2.7532414568059495e-07
116,"GO:0016998,GO:0006032,GO:0004568",3,48,2.790860104451652e-07
39,GO:0003676,7,61,2.894698813323208e-07
95,GO:0008061,3,49,2.972492362900539e-07
248,"GO:0055114,GO:0009186",3,158,2.9905670133654644e-07
223,"GO:0008270,GO:0006508,GO:0004177",3,30,3.0848591136971513e-07
100,"GO:0007017,GO:0005875",3,75,3.116648539960868e-07
100,"GO:0006412,GO:0005840,GO:0003735,GO:0003723",3,75,3.116648539960868e-07
200,"GO:0010468,GO:0005777",3,102,3.174518875693474e-07
136,"GO:0006468,GO:0005524,GO:0004674,GO:0004672",3,61,3.3190896434871824e-07
65,"GO:0030247,GO:0006468,GO:0005524,GO:0004672",3,164,3.3467145198040044e-07
65,"GO:0005509,GO:0030247,GO:0006468,GO:0004672",3,164,3.3467145198040044e-07
65,"GO:0048544,GO:0006468,GO:0005524,GO:0004672",3,164,3.3467145198040044e-07
131,GO:0005515,8,20,3.381294720469902e-07
-1,"GO:0016757,GO:0047262",13,7479,3.4536862288396883e-07
59,"GO:0006850,GO:0005743",3,166,3.4714273535344874e-07
59,GO:0008121,3,166,3.4714273535344874e-07
122,"GO:0016021,GO:0006810,GO:0005337",3,106,3.5663929387404263e-07
126,"GO:0055114,GO:0016614,GO:0050660",3,79,3.6489940655296726e-07
137,GO:0009116,7,2132,3.7173624681335715e-07
228,GO:0008270,5,40,3.912824207385932e-07
120,"GO:0016758,GO:0005789",3,176,4.1416382766235733e-07
210,"GO:0055085,GO:0005741",4,111,4.566769776093934e-07
154,GO:0005634,4,38,4.606216192788208e-07
155,"GO:0005992,GO:0003824",3,27,4.895381647743556e-07
178,"GO:0006457,GO:0005737",3,44,5.118077095809779e-07
126,"GO:0042545,GO:0030599,GO:0005618",4,79,5.520929248444863e-07
185,GO:0005524,6,64,5.5413859531177e-07
137,GO:0005975,6,2132,5.57154868035152e-07
137,"GO:0006412,GO:0003735",6,2132,5.57154868035152e-07
137,"GO:0055114,GO:0010277,GO:0051537,GO:0016491",6,2132,5.57154868035152e-07
248,"GO:0016810,GO:0006807",4,158,6.280657600954408e-07
251,GO:0008641,4,232,6.304966134782568e-07
152,"GO:0006887,GO:0000145",3,21,6.961984487544717e-07
4,None,21,21,7.424022448024376e-07
144,None,28,30,7.50414503831429e-07
137,"GO:0016790,GO:0006633",10,2132,8.255492317248723e-07
227,"GO:0007076,GO:0000796",2,22,8.381818981208189e-07
155,"GO:0006468,GO:0004672,GO:0005524",3,27,9.124201992537431e-07
75,"GO:0045156,GO:0019684,GO:0009772",3,86,9.415423007000841e-07
251,"GO:0016787,GO:0006807,GO:0004356",3,232,9.52576803623422e-07
251,"GO:0016157,GO:0005985",3,232,9.52576803623422e-07
163,"GO:0006355,GO:0005634",3,26,9.729684321317076e-07
108,"GO:0016192,GO:0016021,GO:0006810",2,24,1.0014640860664332e-06
148,"GO:0008270,GO:0003676",4,73,1.0354061269931113e-06
214,GO:0035091,4,390,1.095508310352401e-06
214,"GO:0033180,GO:0015991,GO:0015078",4,390,1.095508310352401e-06
228,GO:0016788,4,40,1.1191065422311598e-06
248,"GO:0003676,GO:0006418,GO:0005524,GO:0004812,GO:0000166",3,158,1.1903029984826507e-06
67,None,46,56,1.3244052526516673e-06
119,GO:0016021,5,33,1.3562662821592502e-06
57,None,20,20,1.4544239066791028e-06
159,"GO:0006888,GO:0005622,GO:0005801",2,29,1.4731681845759847e-06
137,"GO:0055114,GO:0016491,GO:0016209",7,2132,1.5404687054481708e-06
137,"GO:0016021,GO:0004659",7,2132,1.5404687054481708e-06
125,"GO:0098599,GO:0008474,GO:0002084",2,30,1.5783944834742694e-06
125,"GO:0016798,GO:0016020",2,30,1.5783944834742694e-06
125,"GO:0006308,GO:0004519,GO:0003676",2,30,1.5783944834742694e-06
246,"GO:0055114,GO:0016491,GO:0008152",4,70,1.6264761871485896e-06
146,"GO:0043565,GO:0008270,GO:0006355,GO:0003700",4,201,1.641575498426332e-06
231,GO:0005515,8,24,1.725418523548081e-06
107,GO:0005783,2,32,1.799732560467213e-06
115,"GO:0050790,GO:0004197,GO:0008234,GO:0006508",2,32,1.799732560467213e-06
251,"GO:0016161,GO:0000272",4,232,1.862247477456047e-06
229,"GO:0048278,GO:0006887,GO:0005737",2,33,1.915844338561872e-06
189,"GO:0006468,GO:0004672",12,130,2.106811399808364e-06
76,None,45,55,2.1448104557703147e-06
71,None,23,24,2.3714630344043918e-06
106,None,23,24,2.3714630344043918e-06
156,"GO:0006468,GO:0004672",7,37,2.4104260452181463e-06
170,GO:0006952,2,37,2.416576381595088e-06
248,GO:0016491,4,158,2.5438818365424213e-06
154,"GO:0004674,GO:0006468,GO:0005524,GO:0004672",2,38,2.550830625017038e-06
111,"GO:0055085,GO:0016020,GO:0006810,GO:0005215",3,60,2.5802184515150553e-06
247,GO:0008080,4,63,2.599448160005048e-06
158,"GO:0005515,GO:0003676",3,121,2.6405581735241812e-06
202,"GO:0005516,GO:0060236,GO:0032147,GO:0005874,GO:0005819",2,39,2.688713361504445e-06
61,"GO:0016747,GO:0016020,GO:0006633",2,23,2.75238386288334e-06
90,"GO:0055085,GO:0016020,GO:0015297,GO:0015238,GO:0006855",3,39,2.835540487957036e-06
248,"GO:0008236,GO:0006508,GO:0070008,GO:0004252",3,158,2.961025704723598e-06
248,"GO:0006529,GO:0004066",3,158,2.961025704723598e-06
186,GO:0015031,2,24,3.00251525957147e-06
123,"GO:0033179,GO:0015991,GO:0015078",3,109,3.3611113713810773e-06
-1,"GO:0003677,GO:0008289",11,7479,3.410586415875916e-06
-1,"GO:0016020,GO:0015696,GO:0008519,GO:0072488",11,7479,3.410586415875916e-06
178,"GO:0019140,GO:0010264,GO:0005524",2,44,3.4325544399233536e-06
178,"GO:0006378,GO:0005849,GO:0003729",2,44,3.4325544399233536e-06
136,"GO:0006468,GO:0005524,GO:0004672",8,61,3.4756434397752985e-06
-1,"GO:0055114,GO:0016491,GO:0010181",16,7479,3.7132729420960743e-06
-1,"GO:0006950,GO:0005516",16,7479,3.7132729420960743e-06
251,"GO:0030244,GO:0016866",3,232,3.782429886949947e-06
251,"GO:0055114,GO:0016491,GO:0006520",3,232,3.782429886949947e-06
137,"GO:0019205,GO:0006139,GO:0005524",8,2132,3.869855859462057e-06
120,"GO:0016021,GO:0004252",3,176,4.095989495770741e-06
212,"GO:0006397,GO:0005737,GO:0005634,GO:0003723",2,49,4.2671078449787155e-06
214,GO:0000266,3,390,4.549023023273364e-06
214,"GO:0005525,GO:0003924",5,390,4.631055140401617e-06
144,"GO:0016747,GO:0006355",2,30,4.7314183247167865e-06
125,"GO:0016787,GO:0006541,GO:0008242,GO:0003824",2,30,4.7314183247167865e-06
223,GO:0033588,2,30,4.7314183247167865e-06
122,GO:0003333,3,106,4.92758221624655e-06
224,"GO:0005515,GO:0003723",3,124,4.955648838186787e-06
203,None,37,44,4.990190501166644e-06
85,GO:0005525,4,24,5.197273416497323e-06
219,GO:0008270,4,31,5.365797679315805e-06
135,"GO:0007165,GO:0006468,GO:0005524,GO:0004672",2,55,5.3883122022052655e-06
76,"GO:0008137,GO:0005739,GO:0003954",2,55,5.3883122022052655e-06
107,"GO:0016021,GO:0015979,GO:0009523",2,32,5.394597921918421e-06
63,"GO:0005507,GO:0055114,GO:0016491",2,56,5.58787932080546e-06
75,"GO:0016021,GO:0015979,GO:0009579,GO:0009522",3,86,5.5896083079340296e-06
119,GO:0009626,2,33,5.742473280254076e-06
135,GO:0005524,5,55,5.946795952907386e-06
244,"GO:0046961,GO:0046933,GO:0015986,GO:0000275",2,24,6.001279040543587e-06
137,"GO:0055114,GO:0016717,GO:0006629",5,2132,6.148611291673307e-06
137,"GO:0051205,GO:0016021",5,2132,6.148611291673307e-06
137,"GO:0009001,GO:0006535,GO:0005737",5,2132,6.148611291673307e-06
137,"GO:0016020,GO:0015979,GO:0009522",5,2132,6.148611291673307e-06
137,"GO:0005515,GO:0008236,GO:0006508",5,2132,6.148611291673307e-06
137,GO:0005759,5,2132,6.148611291673307e-06
209,"GO:0016772,GO:0016310,GO:0016301,GO:0005524,GO:0050242,GO:0006090",2,59,6.2083516349987935e-06
209,"GO:0016829,GO:0006520",2,59,6.2083516349987935e-06
209,"GO:0008270,GO:0008237,GO:0006508",2,59,6.2083516349987935e-06
209,"GO:0055114,GO:0051287,GO:0006730,GO:0004013",2,59,6.2083516349987935e-06
225,GO:0016773,2,60,6.42243272586082e-06
162,"GO:0005515,GO:0007165",2,35,6.470790479540743e-06
188,GO:0003950,2,25,6.522758704280248e-06
-1,"GO:0006096,GO:0004332",14,7479,6.523166320149546e-06
192,None,32,37,6.572729281594796e-06
124,"GO:0005975,GO:0004650",2,26,7.065920364226403e-06
112,GO:0004857,2,63,7.086446956839652e-06
192,"GO:0005737,GO:0005515",2,37,7.2425234731754676e-06
137,GO:0016020,26,2132,7.426837556720299e-06
228,"GO:0016491,GO:0008152",3,40,7.923729031162506e-06
252,"GO:0008168,GO:0008152",3,34,7.925313510616071e-06
123,"GO:0016020,GO:0015171,GO:0003333",3,109,8.012170214011628e-06
160,"GO:0005515,GO:0070772,GO:0043550",2,67,8.02259816772784e-06
160,"GO:0006396,GO:0005622",2,67,8.02259816772784e-06
160,"GO:0006890,GO:0005198",2,67,8.02259816772784e-06
160,"GO:0005515,GO:0030117,GO:0016192,GO:0006886,GO:0005198",2,67,8.02259816772784e-06
120,GO:0006629,7,176,8.597148825071469e-06
159,"GO:0005515,GO:0005852,GO:0005737,GO:0003743",2,29,8.825460284559061e-06
53,"GO:0016021,GO:0006888,GO:0005801,GO:0000139",2,71,9.016805267663355e-06
123,"GO:0055085,GO:0016021",6,109,9.14368600127089e-06
251,"GO:0050307,GO:0005986",3,232,9.38692293644514e-06
137,GO:0003824,9,2132,9.388113015457018e-06
148,"GO:0003723,GO:0003676",2,73,9.535679776023863e-06
200,GO:0045454,4,102,9.653308014796788e-06
127,"GO:0016757,GO:0016021",3,43,9.878489007016108e-06
181,GO:0008270,4,36,9.902592039531943e-06
166,"GO:0019684,GO:0016021,GO:0015979,GO:0009523",2,75,1.0069068256646203e-05
172,"GO:0045454,GO:0005681,GO:0000398",2,75,1.0069068256646203e-05
166,"GO:0015979,GO:0046872,GO:0016021,GO:0009523",2,75,1.0069068256646203e-05
178,"GO:0006511,GO:0005622,GO:0004843",2,44,1.0285381220053179e-05
-1,"GO:0016757,GO:0016020",10,7479,1.0716246084854192e-05
188,"GO:0008725,GO:0006284",2,25,1.0864164654937872e-05
66,GO:0016757,3,38,1.113857556490305e-05
86,"GO:0019843,GO:0006412,GO:0005840,GO:0003735",3,109,1.1407239671913674e-05
232,"GO:0016598,GO:0004057",2,80,1.1466038086847566e-05
137,"GO:0016779,GO:0009058",7,2132,1.1979180412302566e-05
146,"GO:0006355,GO:0005634,GO:0005524,GO:0032502,GO:0006351",3,201,1.2131555922498756e-05
75,"GO:0022904,GO:0016020",2,86,1.326214215424932e-05
72,GO:0043565,2,28,1.3685347377036218e-05
64,"GO:0006468,GO:0005524,GO:0004672",7,54,1.5508066092519615e-05
67,GO:0008168,4,56,1.5570101200429376e-05
223,"GO:0006351,GO:0003899",2,30,1.574632604680964e-05
202,"GO:0060236,GO:0032147,GO:0005874,GO:0005819",2,39,1.6098398695503747e-05
189,GO:0006629,6,130,1.6791734397058946e-05
148,GO:0005515,12,73,1.7296691830531206e-05
227,"GO:0005737,GO:0005094",2,22,1.755189521879214e-05
153,"GO:0016887,GO:0005524",3,31,1.844444839170389e-05
209,"GO:0008152,GO:0003824,GO:0006086,GO:0004739",2,59,1.8594907005593165e-05
200,"GO:0005515,GO:0051087",2,102,1.8690367780174624e-05
79,"GO:0010223,GO:0005634",2,42,1.8702236836612288e-05
171,None,30,35,1.9004409966252698e-05
126,GO:0006629,5,79,1.9197760652495736e-05
190,"GO:0055114,GO:0051536",2,34,2.0300407167996068e-05
178,"GO:0055114,GO:0048038,GO:0009308,GO:0008131,GO:0005507",2,44,2.0546230417419458e-05
109,GO:0008061,2,24,2.0965138948326508e-05
226,"GO:0005737,GO:0005094",2,24,2.0965138948326508e-05
123,"GO:0016021,GO:0015116,GO:0008272,GO:0055085,GO:0016020,GO:0008271,GO:0005886",2,109,2.1357310183286322e-05
123,"GO:0016020,GO:0015171,GO:0003333,GO:0006811,GO:0005215",2,109,2.1357310183286322e-05
123,"GO:0016021,GO:0015116,GO:0008272,GO:0055085,GO:0016020,GO:0008271",2,109,2.1357310183286322e-05
210,"GO:0016799,GO:0008270,GO:0006289,GO:0003906,GO:0003684",2,111,2.2151950164621643e-05
120,"GO:0016780,GO:0016020,GO:0008654",3,176,2.2559681727022495e-05
227,GO:0005737,2,22,2.3389237954915516e-05
160,"GO:0042147,GO:0030904,GO:0015031,GO:0008565",2,67,2.402336880196506e-05
160,"GO:0030126,GO:0016192,GO:0006886,GO:0005198,GO:0030117,GO:0005737",2,67,2.402336880196506e-05
138,"GO:0006355,GO:0005634,GO:0003700,GO:0046983,GO:0003677",2,26,2.4680198354955712e-05
184,"GO:0055114,GO:0051287,GO:0048038,GO:0016651",2,68,2.4750645491142818e-05
246,"GO:0004379,GO:0006499",2,70,2.623766797817303e-05
158,"GO:0003676,GO:0006810,GO:0005622",2,121,2.6342859655225734e-05
158,"GO:0003723,GO:0003676,GO:0045131,GO:0000398",2,121,2.6342859655225734e-05
137,"GO:0006508,GO:0004222",7,2132,2.6484830741156834e-05
202,"GO:0030036,GO:0005856",2,39,2.6802478631891986e-05
137,GO:0006457,9,2132,2.7407772012994457e-05
224,"GO:0005515,GO:0006396,GO:0003723",2,124,2.76708881171834e-05
224,"GO:0005515,GO:0008017",2,124,2.76708881171834e-05
224,"GO:0004518,GO:0003677",2,124,2.76708881171834e-05
64,"GO:0005515,GO:0006468,GO:0005524,GO:0004672",3,54,2.8803355457363344e-05
-1,"GO:0008270,GO:0003677",11,7479,2.8988022506709273e-05
230,"GO:0007067,GO:0000775",2,127,2.903157301673019e-05
100,"GO:0006351,GO:0003899,GO:0003677,GO:0008270,GO:0003676",2,75,3.0144584052377254e-05
41,"GO:0009415,GO:0006950",2,131,3.089661845237563e-05
76,"GO:0005739,GO:0004129",2,55,3.223263575429156e-05
251,GO:0006464,3,232,3.2375792986538183e-05
-1,"GO:0045017,GO:0004144",9,7479,3.366794904490536e-05
137,GO:0016765,5,2132,3.410589340986408e-05
137,"GO:0005515,GO:0006508,GO:0004252",5,2132,3.410589340986408e-05
170,None,31,37,3.510087182785496e-05
189,"GO:0055114,GO:0008137",3,130,3.518531529470542e-05
177,None,33,40,3.6737833611962605e-05
137,"GO:0051536,GO:0016226,GO:0005506",6,2132,3.674097519242106e-05
80,"GO:0006468,GO:0005524,GO:0004672,GO:0005515",2,83,3.695807794294763e-05
75,GO:0016627,2,86,3.969151932857205e-05
136,"GO:0036459,GO:0016579",2,61,3.9707473243301566e-05
247,"GO:0046872,GO:0030001,GO:0000166",2,63,4.237151563269083e-05
212,"GO:0006351,GO:0005634,GO:0003677",2,49,4.2500470615923194e-05
252,"GO:0005991,GO:0004555",2,34,4.255343259122324e-05
-1,GO:0045454,21,7479,4.393168507426604e-05
211,"GO:0016021,GO:0006886,GO:0005783",3,193,4.429883571272457e-05
214,"GO:0006413,GO:0005737,GO:0003743,GO:0003723",3,390,4.437272708663592e-05
248,"GO:0055114,GO:0016627,GO:0003995,GO:0006635,GO:0005777,GO:0003997",2,158,4.5004199490876703e-05
248,"GO:0008152,GO:0003824,GO:0046912",2,158,4.5004199490876703e-05
248,"GO:0055114,GO:0050660,GO:0016627,GO:0008152,GO:0003995",2,158,4.5004199490876703e-05
248,"GO:0030246,GO:0005975,GO:1901137,GO:0004360",2,158,4.5004199490876703e-05
83,GO:0008061,2,35,4.512601729061801e-05
155,"GO:0006468,GO:0005524,GO:0004672",5,27,4.531182335069821e-05
245,GO:0008374,2,51,4.607045761023281e-05
250,"GO:0006096,GO:0004618",2,36,4.7773701418646335e-05
160,"GO:0008536,GO:0006886,GO:0005515",2,67,4.795806787848219e-05
160,"GO:0005515,GO:0005852,GO:0005737,GO:0003743",2,67,4.795806787848219e-05
122,"GO:0055085,GO:0046873,GO:0030001,GO:0016020",3,106,4.799544931052205e-05
-1,"GO:0016787,GO:0008152",12,7479,4.931754681128083e-05
59,"GO:0015450,GO:0006886,GO:0005744",2,166,4.9692212531448554e-05
59,"GO:0006122,GO:0005750,GO:0005743",2,166,4.9692212531448554e-05
59,"GO:0022900,GO:0005747,GO:0005739",2,166,4.9692212531448554e-05
59,"GO:0006886,GO:0005741",2,166,4.9692212531448554e-05
169,"GO:0016773,GO:0016020,GO:0005524",2,21,5.002026630108204e-05
251,"GO:0008270,GO:0004089",3,232,5.14229708103741e-05
123,"GO:0055085,GO:0046873,GO:0030001,GO:0016020",3,109,5.216317268909205e-05
135,"GO:0005524,GO:0003676",3,55,5.21958806701039e-05
246,"GO:0009116,GO:0003824",2,70,5.23740247237144e-05
53,"GO:0048193,GO:0016020",2,71,5.3889046383561e-05
120,"GO:0047750,GO:0016125,GO:0016021",2,176,5.5878793208054594e-05
120,"GO:0016811,GO:0016021,GO:0006672",2,176,5.5878793208054594e-05
120,GO:0006659,2,176,5.5878793208054594e-05
200,"GO:0046872,GO:0003723",2,102,5.5911873763251985e-05
148,"GO:0003676,GO:0017069,GO:0000398",2,73,5.698362161128124e-05
122,"GO:0016021,GO:0006810",3,106,5.8088870637574964e-05
209,"GO:0016020,GO:0015992,GO:0009678,GO:0004427",2,59,6.178257640628159e-05
209,"GO:0055114,GO:0016491,GO:0045454",2,59,6.178257640628159e-05
200,"GO:0006334,GO:0005634,GO:0003677,GO:0000786",3,102,6.195442628379408e-05
98,GO:0008270,3,21,6.444556989277369e-05
157,GO:0005543,2,22,6.497097425974078e-05
210,"GO:0017176,GO:0016021,GO:0006506",2,111,6.625014572576614e-05
53,GO:0005515,11,71,6.781112862540036e-05
-1,"GO:0006508,GO:0004185",13,7479,6.782335798821227e-05
137,"GO:0016020,GO:0015979,GO:0009523",4,2132,6.78254236187684e-05
137,"GO:0006415,GO:0003747,GO:0016149,GO:0005737",4,2132,6.78254236187684e-05
137,"GO:0009058,GO:0004161",4,2132,6.78254236187684e-05
137,"GO:0055114,GO:0045300,GO:0006631",4,2132,6.78254236187684e-05
137,"GO:0003697,GO:0006260",4,2132,6.78254236187684e-05
146,"GO:0006355,GO:0003700,GO:0007275",3,201,7.096809774011449e-05
246,"GO:0008152,GO:0003824",4,70,7.506632312471641e-05
158,"GO:0006810,GO:0005643",2,121,7.87615147043915e-05
210,"GO:0016192,GO:0016021",3,111,7.969278576293235e-05
193,"GO:0005515,GO:0008270",2,67,7.978263239992094e-05
234,None,25,29,8.117578081386382e-05
184,"GO:0016984,GO:0015977,GO:0000287",2,68,8.219327530644712e-05
137,"GO:0016161,GO:0000272",6,2132,8.475864168554792e-05
110,GO:0006629,4,56,8.528261700564834e-05
230,"GO:0016568,GO:0005634",2,127,8.678555678855388e-05
230,"GO:0004519,GO:0003676",2,127,8.678555678855388e-05
230,"GO:0016301,GO:0005524",2,127,8.678555678855388e-05
-1,"GO:0006887,GO:0000145",15,7479,9.292120575471813e-05
225,"GO:0006281,GO:0004518",2,60,9.570352980909246e-05
122,"GO:0016020,GO:0006810,GO:0005215",4,106,9.69474396645426e-05
251,"GO:0045116,GO:0016881,GO:0005524,GO:0008641,GO:0019781",2,232,9.722910018201501e-05
251,"GO:0008108,GO:0006012,GO:0008270",2,232,9.722910018201501e-05
251,"GO:0008193,GO:0006400,GO:0000287",2,232,9.722910018201501e-05
251,"GO:0055114,GO:0016627,GO:0006635,GO:0005777,GO:0003997,GO:0003995",2,232,9.722910018201501e-05
97,GO:0006397,2,25,9.82844600500394e-05
172,"GO:0055114,GO:0050661,GO:0006006,GO:0004345",2,75,0.00010006591470557897
-1,"GO:0008017,GO:0007018,GO:0005524,GO:0003777,GO:0005871",17,7479,0.00010169959643739382
50,"GO:0055085,GO:0016020,GO:0015297,GO:0015238,GO:0006855",2,21,0.00010279441557208254
-1,"GO:0008017,GO:0000910,GO:0000226",8,7479,0.00010576720172452534
137,GO:0008299,5,2132,0.00011037738967939138
137,"GO:0046933,GO:0015986",5,2132,0.00011037738967939138
137,"GO:0055114,GO:0016620",5,2132,0.00011037738967939138
72,"GO:0006412,GO:0005840,GO:0005622,GO:0003735",4,28,0.00011162276483686228
227,GO:0008289,2,22,0.0001130257110075214
89,"GO:0016021,GO:0016020",2,39,0.00011997915654746561
209,"GO:0016747,GO:0008152",2,59,0.00012932397649675917
197,GO:0000062,2,70,0.00013043013073188656
248,"GO:0055114,GO:0016491,GO:0006631,GO:0003857",2,158,0.000134414485069957
142,GO:0046983,3,21,0.0001391238326158914
209,GO:0009055,3,59,0.00013939701705203186
251,GO:0016787,7,232,0.00014111573202418701
165,GO:0005524,3,22,0.00014442058328805198
127,None,34,43,0.00014521624491674605
166,"GO:0045156,GO:0019684,GO:0009772",2,75,0.00014978792396146958
248,"GO:0008152,GO:0003824",5,158,0.00015295734816524436
189,"GO:0006468,GO:0005524,GO:0004672",9,130,0.0001549989952599778
120,"GO:0016021,GO:0006820,GO:0016020,GO:0005452",2,176,0.00016680805196883907
111,GO:0003333,2,60,0.00017805904724269578
176,"GO:0042823,GO:0042819",2,43,0.00017833035841210464
168,"GO:0016773,GO:0016020,GO:0005524",2,41,0.00019421101656723195
251,"GO:0006508,GO:0004222",3,232,0.00019618855166548554
174,"GO:0051082,GO:0006950,GO:0006457,GO:0005524",2,26,0.00019933076745801007
122,"GO:0016021,GO:0015689,GO:0015098",2,106,0.00020014243580147195
123,"GO:0016020,GO:0015992,GO:0009678,GO:0004427",2,109,0.00021163282044257275
128,"GO:0016020,GO:0015018",2,91,0.00022063643724207208
100,GO:0003723,3,75,0.00022499414647928162
248,"GO:0030955,GO:0006096,GO:0004743,GO:0000287",3,158,0.00022655395569386055
137,GO:0008080,11,2132,0.00023802586564940106
177,GO:0006397,2,40,0.00025423691059478515
96,"GO:0046872,GO:0000166",2,47,0.00025559110193367965
138,GO:0046983,3,26,0.00026720251909218197
248,"GO:0016773,GO:0005975",2,158,0.00026763866714143146
248,"GO:0008152,GO:0004807",2,158,0.00026763866714143146
214,"GO:0006950,GO:0051087,GO:0001671",2,390,0.00027523934148032344
214,"GO:0016787,GO:0030145,GO:0003723",2,390,0.00027523934148032344
214,"GO:0048500,GO:0008312,GO:0006614",2,390,0.00027523934148032344
214,"GO:0006265,GO:0003918,GO:0003677,GO:0005694,GO:0003917",2,390,0.00027523934148032344
214,"GO:0015031,GO:0006464",2,390,0.00027523934148032344
214,"GO:0006352,GO:0005634",2,390,0.00027523934148032344
214,GO:0006352,2,390,0.00027523934148032344
214,"GO:0045040,GO:0005742",2,390,0.00027523934148032344
214,"GO:0006351,GO:0005634,GO:0003677,GO:0008270,GO:0003676",2,390,0.00027523934148032344
214,"GO:0006355,GO:0003713",2,390,0.00027523934148032344
214,GO:0004842,2,390,0.00027523934148032344
200,GO:0035091,2,102,0.0002771860005493995
121,None,43,58,0.0002796453492039942
199,None,18,20,0.0002834509039130312
93,GO:0005515,7,35,0.0002856961742425169
206,"GO:0005515,GO:0003682",2,88,0.00028814478161718195
173,"GO:0006468,GO:0004672,GO:0005524",2,35,0.0002895197049290161
251,"GO:0032259,GO:0008168,GO:0001510",2,232,0.0002897821469387982
251,"GO:0016021,GO:0006665,GO:0004348",2,232,0.0002897821469387982
251,"GO:0006260,GO:0003887,GO:0003677",2,232,0.0002897821469387982
154,"GO:0055085,GO:0046873,GO:0030001,GO:0016020",2,38,0.0003017503226306637
137,"GO:0055114,GO:0009916",4,2132,0.00031453267292714875
137,"GO:0008199,GO:0006879,GO:0006826",4,2132,0.00031453267292714875
137,"GO:0042651,GO:0015979,GO:0009654,GO:0009523",4,2132,0.00031453267292714875
137,"GO:0009052,GO:0004751",4,2132,0.00031453267292714875
232,GO:0005737,2,80,0.00031680842121860564
-1,"GO:0033897,GO:0003723",7,7479,0.00033223527725861007
-1,"GO:0051082,GO:0006457,GO:0005783,GO:0005509",7,7479,0.00033223527725861007
-1,"GO:0016021,GO:0006813,GO:0005242",7,7479,0.00033223527725861007
-1,GO:0046907,7,7479,0.00033223527725861007
-1,"GO:0004871,GO:0000160",7,7479,0.00033223527725861007
-1,"GO:0008536,GO:0006886",7,7479,0.00033223527725861007
-1,"GO:0005544,GO:0005509",7,7479,0.00033223527725861007
135,"GO:0016773,GO:0016020,GO:0005524",2,55,0.0003503159295817921
216,None,20,23,0.0003516529160337386
140,GO:0003700,2,115,0.00035221664846748607
214,"GO:0006886,GO:0005622",3,390,0.00035468586478148046
214,"GO:0005852,GO:0005737,GO:0003743",3,390,0.00035468586478148046
184,"GO:0006412,GO:0005840,GO:0005622,GO:0003735,GO:0015935",2,68,0.000366420050295972
49,GO:0008270,3,38,0.00039037235956419997
93,None,28,35,0.00039934108647379015
125,GO:0016020,3,30,0.00040090805297319886
232,"GO:0006508,GO:0004197",2,80,0.00040642420805321014
118,GO:0045454,2,23,0.0004195572544483431
137,GO:0071949,9,2132,0.0004255313166787601
120,"GO:0055114,GO:0016491,GO:0006633,GO:0005506",3,176,0.00042980168075463203
248,"GO:0055114,GO:0016616,GO:0016491,GO:0019752",2,158,0.0004440904280992365
248,"GO:0055114,GO:0050661,GO:0006006,GO:0004345",2,158,0.0004440904280992365
184,"GO:0042823,GO:0042819",2,68,0.0004470087140559462
-1,GO:0016021,63,7479,0.00046719656704120757
228,"GO:0030170,GO:0009058",2,40,0.0004751734650224471
156,"GO:0016020,GO:0008375",2,37,0.0004979905946452365
247,"GO:0019205,GO:0006139,GO:0005524",2,63,0.0005423107346225098
120,"GO:0055085,GO:0016020,GO:0005215",2,176,0.0005505503490366184
122,"GO:0016780,GO:0016020,GO:0008654",2,106,0.0005554549623956313
87,"GO:0006412,GO:0005840,GO:0003735,GO:0019843",2,123,0.0005619687976670913
137,GO:0046854,5,2132,0.0005665607283316753
251,"GO:0006807,GO:0004356",2,232,0.0005757818639906464
251,"GO:0016887,GO:0005524",4,232,0.0005825068115771402
206,GO:0046872,3,88,0.0006443251758485415
77,None,25,31,0.000661571440500595
137,"GO:0055114,GO:0016491,GO:0051536,GO:0020037",3,2132,0.00074786370101014
137,"GO:0006568,GO:0004834",3,2132,0.00074786370101014
137,"GO:0042549,GO:0019898,GO:0015979,GO:0009654,GO:0009523,GO:0005509",3,2132,0.00074786370101014
137,GO:0042274,3,2132,0.00074786370101014
137,"GO:0015979,GO:0009523,GO:0009507",3,2132,0.00074786370101014
137,GO:0006353,3,2132,0.00074786370101014
137,"GO:0016829,GO:0008152",3,2132,0.00074786370101014
137,"GO:0016868,GO:0006096,GO:0004619",3,2132,0.00074786370101014
137,"GO:0005975,GO:0004553,GO:0043169,GO:0003824",3,2132,0.00074786370101014
137,"GO:0016705,GO:0016117",3,2132,0.00074786370101014
137,"GO:0016787,GO:0006541",3,2132,0.00074786370101014
137,"GO:0005975,GO:0005509,GO:0004556,GO:0043169,GO:0003824",3,2132,0.00074786370101014
137,GO:0005506,3,2132,0.00074786370101014
137,"GO:0003824,GO:0003677",3,2132,0.00074786370101014
137,"GO:0005740,GO:0004129",3,2132,0.00074786370101014
137,"GO:0009165,GO:0004749,GO:0000287",3,2132,0.00074786370101014
86,"GO:0006412,GO:0005840,GO:0005622,GO:0003735,GO:0003723",2,109,0.0007526746478542268
248,"GO:0055114,GO:0016616,GO:0006694,GO:0003854",3,158,0.0007768100134440543
214,"GO:0016538,GO:0007049",2,390,0.0008166199783944237
137,"GO:0009073,GO:0003849",4,2132,0.0008753862319617186
137,"GO:0055114,GO:0046872,GO:0006801,GO:0004784",4,2132,0.0008753862319617186
137,GO:0003924,4,2132,0.0008753862319617186
251,"GO:0008152,GO:0003824",5,232,0.000887697492915664
179,"GO:0003723,GO:0003729",1,21,0.0008944543828264759
179,"GO:0005634,GO:0003677,GO:0006355",1,21,0.0008944543828264759
132,"GO:0016567,GO:0004842,GO:0005515",2,55,0.0008981366564355488
152,GO:0005515,5,21,0.0009345832793834105
227,"GO:0007165,GO:0006355,GO:0005634,GO:0004871,GO:0003700",1,22,0.0009370474486753555
165,"GO:0006434,GO:0005737,GO:0005524,GO:0004828,GO:0000166",1,22,0.0009370474486753555
157,GO:0005643,1,22,0.0009370474486753555
-1,"GO:0009378,GO:0006310,GO:0006281",9,7479,0.0009443052237836461
251,GO:0006310,2,232,0.0009533784913601137
248,"GO:0055114,GO:0016491,GO:0008152",3,158,0.000960898557491834
224,"GO:0005852,GO:0005737,GO:0003743",2,124,0.0009722718494480437
61,"GO:0016747,GO:0008610,GO:0006633,GO:0004315",1,23,0.0009796405145242354
132,"GO:0016567,GO:0004842",2,55,0.0009964316640130172
230,GO:0016301,2,127,0.0010194735002179453
226,GO:0006914,1,24,0.0010222335803731152
108,"GO:0072546,GO:0016021,GO:0005783",1,24,0.0010222335803731152
226,"GO:0007049,GO:0006281,GO:0005634",1,24,0.0010222335803731152
244,"GO:0034314,GO:0030833,GO:0005885,GO:0005856",1,24,0.0010222335803731152
85,"GO:0006281,GO:0005634,GO:0030337,GO:0006275,GO:0003677",1,24,0.0010222335803731152
240,"GO:0072588,GO:0042254,GO:0030515,GO:0001522",1,24,0.0010222335803731152
200,"GO:0008270,GO:0005515",4,102,0.0010297493134949186
-1,"GO:0055114,GO:0046872,GO:0016702",6,7479,0.0010435201964156427
-1,"GO:0007005,GO:0004842",6,7479,0.0010435201964156427
-1,"GO:0019887,GO:0005956",6,7479,0.0010435201964156427
-1,GO:0046912,6,7479,0.0010435201964156427
-1,"GO:0008270,GO:0003676,GO:0006355,GO:0003677",6,7479,0.0010435201964156427
137,"GO:0015031,GO:0008565",5,2132,0.0010483628149778026
137,"GO:0046961,GO:0046933,GO:0045261,GO:0015986",5,2132,0.0010483628149778026
120,GO:0016757,3,176,0.0010610968341051928
114,"GO:0008170,GO:0006644",1,25,0.001064826646221995
182,"GO:0005509,GO:0016746,GO:0008152",1,25,0.001064826646221995
109,None,20,24,0.0010912114249062108
101,"GO:0007205,GO:0004143",1,26,0.0011074197120708748
55,"GO:0043531,GO:0007165,GO:0005515",1,26,0.0011074197120708748
127,GO:0016757,2,43,0.001117094235155951
67,"GO:0016020,GO:0008375",2,56,0.001139780566092629
224,GO:0005634,3,124,0.0011437778097245384
205,"GO:0008270,GO:0003676,GO:0048478,GO:0007049,GO:0006974,GO:0005634",1,27,0.0011500127779197546
232,GO:0005096,2,80,0.0011697731609093098
227,GO:0005515,5,22,0.001172155421897944
87,GO:0006412,2,123,0.0011918774783555252
159,"GO:0046540,GO:0000398,GO:0000244",1,29,0.0012351989096175142
159,"GO:0016773,GO:0048015,GO:0046854",1,29,0.0012351989096175142
159,"GO:0015031,GO:0008565,GO:0030123",1,29,0.0012351989096175142
159,"GO:0071025,GO:0070966,GO:0070481",1,29,0.0012351989096175142
102,GO:0043531,2,20,0.0012643317902739756
223,GO:0007023,1,30,0.001277791975466394
223,"GO:0008168,GO:0008033",1,30,0.001277791975466394
223,"GO:0031011,GO:0006338",1,30,0.001277791975466394
223,"GO:0070188,GO:0003697",1,30,0.001277791975466394
126,"GO:0006508,GO:0004185",2,79,0.0013011001275281956
189,GO:0005634,3,130,0.0013104360013605845
219,"GO:0008081,GO:0006281,GO:0005634",1,31,0.0013203850413152738
219,"GO:0005524,GO:0006260,GO:0005663,GO:0003689",1,31,0.0013203850413152738
219,"GO:0046872,GO:0005524,GO:0003676",1,31,0.0013203850413152738
228,"GO:0006457,GO:0003755,GO:0000413",2,40,0.0013591158920359231
107,"GO:0030176,GO:0009059",1,32,0.0013629781071641536
107,"GO:0009512,GO:0009055",1,32,0.0013629781071641536
151,"GO:0005515,GO:0016567",1,32,0.0013629781071641536
158,GO:0006396,2,121,0.0014054500371372446
229,"GO:0017119,GO:0006886",1,33,0.0014055711730130334
229,GO:0043087,1,33,0.0014055711730130334
229,"GO:0005815,GO:0000922,GO:0000226,GO:0007020,GO:0005856",1,33,0.0014055711730130334
229,"GO:0016020,GO:0015031,GO:0007030",1,33,0.0014055711730130334
229,"GO:0005515,GO:0003723,GO:0016070,GO:0051028,GO:0045292,GO:0005846,GO:0000339",1,33,0.0014055711730130334
229,"GO:0007067,GO:0005634,GO:0000775",1,33,0.0014055711730130334
119,GO:0071816,1,33,0.0014055711730130334
119,"GO:0055085,GO:0016020,GO:0015075,GO:0006811",1,33,0.0014055711730130334
200,"GO:0006470,GO:0004722",2,102,0.0014130220570251681
251,"GO:0052726,GO:0052725,GO:0047325,GO:0032957,GO:0005622,GO:0005524,GO:0000287",2,232,0.0014207494287109277
190,"GO:0007096,GO:0006470,GO:0004721",1,34,0.0014481642388619134
190,GO:0008658,1,34,0.0014481642388619134
238,"GO:0032549,GO:0006351,GO:0003899",1,34,0.0014481642388619134
190,"GO:0008199,GO:0006879",1,34,0.0014481642388619134
87,"GO:0015934,GO:0006412,GO:0003735",2,123,0.0014517496224913963
164,"GO:0055114,GO:0016972",1,35,0.001490757304710793
191,"GO:0055114,GO:0033743",1,35,0.001490757304710793
33,"GO:0016021,GO:0046983",1,35,0.001490757304710793
237,"GO:0003677,GO:0000166",1,35,0.001490757304710793
162,"GO:0005515,GO:0034314,GO:0030833,GO:0015629,GO:0005885",1,35,0.001490757304710793
164,"GO:0000160,GO:0006355",1,35,0.001490757304710793
162,"GO:0032040,GO:0006364,GO:0005515",1,35,0.001490757304710793
162,"GO:0005515,GO:0006364,GO:0005730",1,35,0.001490757304710793
250,"GO:0055114,GO:0030151,GO:0016491,GO:0042128",1,36,0.001533350370559673
250,GO:0009439,1,36,0.001533350370559673
248,GO:0046854,2,158,0.0015706495619009803
27,"GO:0031683,GO:0019001,GO:0007186,GO:0004871,GO:0003924",1,37,0.0015759434364085525
214,GO:0006284,2,390,0.0016152688451315385
154,"GO:0005515,GO:0005096",1,38,0.0016185365022574325
89,"GO:0055085,GO:0016021,GO:0008643,GO:0005351,GO:0000139",1,39,0.0016611295681063121
202,"GO:0051382,GO:0019237,GO:0000776",1,39,0.0016611295681063121
90,"GO:0016020,GO:0004970",1,39,0.0016611295681063121
158,"GO:0006810,GO:0005622",2,121,0.0016808608327141571
135,"GO:0016787,GO:0005524,GO:0003677",2,55,0.001689137860317289
220,None,21,26,0.0017657154008439114
163,None,21,26,0.0017657154008439114
180,"GO:0008270,GO:0031668,GO:0019789,GO:0016925,GO:0016049,GO:0005634",1,21,0.0017881467821092055
191,"GO:0006468,GO:0005524,GO:0004672",4,35,0.0018019472548423466
-1,"GO:0008270,GO:0005515",47,7479,0.0018231328637204525
127,GO:0004872,1,43,0.0018315018315018315
227,"GO:0030915,GO:0006281,GO:0005634",1,22,0.0018732567154525902
178,"GO:0006281,GO:0003904",1,44,0.001874094897350711
178,"GO:0003723,GO:0008408,GO:0006139,GO:0003676",1,44,0.001874094897350711
-1,GO:0005789,7,7479,0.0019175118059972034
-1,"GO:0016192,GO:0006904",7,7479,0.0019175118059972034
204,"GO:0003677,GO:0005515",1,23,0.0019583630203029094
214,GO:0005515,27,390,0.0019603919524510097
158,GO:0005543,2,121,0.001979785350709284
96,"GO:0016020,GO:0016887,GO:0005524",1,47,0.0020018740948973507
137,"GO:0006096,GO:0003872",6,2132,0.002002007268933538
137,"GO:0016887,GO:0005524",10,2132,0.002034715836416184
122,"GO:0055085,GO:0016020,GO:0006810,GO:0015171,GO:0003333",2,106,0.00204040285102591
240,"GO:0006355,GO:0006289,GO:0000439",1,24,0.002043465696660164
226,"GO:0016531,GO:0006825,GO:0005758,GO:0005507",1,24,0.002043465696660164
108,"GO:0016021,GO:0008250,GO:0004579",1,24,0.002043465696660164
240,"GO:0055114,GO:0050113,GO:0019310,GO:0005737,GO:0005506",1,24,0.002043465696660164
212,"GO:0034457,GO:0006364,GO:0005732,GO:0005634",1,49,0.0020870602265951103
212,"GO:0032040,GO:0006364",1,49,0.0020870602265951103
212,GO:0009966,1,49,0.0020870602265951103
212,"GO:0003677,GO:0016593,GO:0016570,GO:0006368",1,49,0.0020870602265951103
235,"GO:0034314,GO:0030041,GO:0015629,GO:0005885",1,49,0.0020870602265951103
188,"GO:0070652,GO:0051297,GO:0051225",1,25,0.002128564744524352
188,"GO:0016579,GO:0004843",1,25,0.002128564744524352
245,GO:0008418,1,51,0.00217224635829287
174,"GO:0006096,GO:0006094,GO:0004347",1,26,0.0022136601638954746
124,"GO:0019441,GO:0004061",1,26,0.0022136601638954746
249,"GO:0005509,GO:0008654,GO:0004609",1,52,0.0022148394241417496
249,"GO:0008138,GO:0006470,GO:0004484,GO:0006397,GO:0006370",1,52,0.0022148394241417496
249,"GO:0055114,GO:0016491,GO:0030151,GO:0042128",1,52,0.0022148394241417496
249,"GO:0016787,GO:0030145,GO:0006302,GO:0005634,GO:0004519,GO:0006259,GO:0004527",1,52,0.0022148394241417496
249,GO:0008440,1,52,0.0022148394241417496
249,"GO:0016779,GO:0009058,GO:0005515",1,52,0.0022148394241417496
249,"GO:0006471,GO:0003950",1,52,0.0022148394241417496
79,None,31,42,0.0022347396720143803
206,"GO:0006950,GO:0005516",2,88,0.002278668795961706
192,GO:0046872,2,37,0.002292459132627779
-1,"GO:0045454,GO:0015035,GO:0009055",18,7479,0.0022966906560584837
228,"GO:0050662,GO:0003824",2,40,0.0023340261163273365
132,"GO:0016567,GO:0004842,GO:0006351,GO:0003899,GO:0003677",1,55,0.002342618621688389
76,"GO:0022904,GO:0016651,GO:0005743",1,55,0.002342618621688389
76,"GO:0006412,GO:0005840,GO:0005622,GO:0003735,GO:0005761",1,55,0.002342618621688389
-1,"GO:0009058,GO:0003824",13,7479,0.0023540759088972714
110,"GO:0031012,GO:0008270,GO:0006508,GO:0004222",1,56,0.002385211687537269
196,"GO:0055114,GO:0051287,GO:0016491,GO:0008270",1,56,0.002385211687537269
204,"GO:0043565,GO:0006355,GO:0003700",2,23,0.0024390854008734327
-1,"GO:0008270,GO:0005622,GO:0005515",8,7479,0.0024518730130659626
-1,"GO:0008374,GO:0006629",8,7479,0.0024518730130659626
234,"GO:0008097,GO:0006412,GO:0005840,GO:0005622,GO:0003735",1,29,0.0024689246510504518
234,GO:0044238,1,29,0.0024689246510504518
159,"GO:0006888,GO:0005801,GO:0005622",1,29,0.0024689246510504518
99,"GO:0007029,GO:0005789",1,58,0.0024703978192350284
99,GO:0070072,1,58,0.0024703978192350284
99,"GO:0006355,GO:0005634,GO:0003677",1,58,0.0024703978192350284
99,"GO:0016021,GO:0015031,GO:0008565",1,58,0.0024703978192350284
209,GO:0051539,1,59,0.002512990885083908
209,"GO:0009098,GO:0003852,GO:0003824",1,59,0.002512990885083908
209,"GO:0008080,GO:0051536,GO:0003824",1,59,0.002512990885083908
209,"GO:0055114,GO:0016616,GO:0016491,GO:0016615,GO:0006108",1,59,0.002512990885083908
223,"GO:0006464,GO:0004077",1,30,0.002554005556449314
125,"GO:0055114,GO:0050660,GO:0016614,GO:0010430",1,30,0.002554005556449314
223,"GO:0046654,GO:0005737,GO:0003934",1,30,0.002554005556449314
223,"GO:0046872,GO:0016787",1,30,0.002554005556449314
225,"GO:0032039,GO:0016180",1,60,0.002555583950932788
225,"GO:0043399,GO:0019988",1,60,0.002555583950932788
225,"GO:0006468,GO:0005524,GO:0004672,GO:0007094",1,60,0.002555583950932788
225,"GO:0016301,GO:0007205,GO:0004143",1,60,0.002555583950932788
111,"GO:0071705,GO:0016021",1,60,0.002555583950932788
225,"GO:0006396,GO:0004000,GO:0003723",1,60,0.002555583950932788
225,"GO:0006351,GO:0006289,GO:0000439",1,60,0.002555583950932788
196,GO:0016787,3,56,0.0025629182277296845
230,None,81,127,0.0025768329909833915
251,"GO:0008168,GO:0006479",2,232,0.0026176575203974532
251,"GO:0055085,GO:0016020",2,232,0.0026176575203974532
73,"GO:0055085,GO:0016021,GO:0022857",1,31,0.00263908283335511
137,"GO:0016746,GO:0008152",9,2132,0.002662166162324452
214,GO:0043565,2,390,0.0026625329238281394
214,GO:0007094,2,390,0.0026625329238281394
214,"GO:0006351,GO:0003899",2,390,0.0026625329238281394
180,"GO:0046872,GO:0005515",1,21,0.0026810778145498135
112,"GO:0016042,GO:0005509,GO:0004623",1,63,0.0026833631484794278
247,"GO:0034314,GO:0007015,GO:0005885,GO:0005856,GO:0005524",1,63,0.0026833631484794278
247,GO:0030976,1,63,0.0026833631484794278
112,GO:0030247,1,63,0.0026833631484794278
23,GO:0042802,1,64,0.002725956214328307
-1,"GO:0055085,GO:0005741",10,7479,0.002759513935454294
142,GO:0003677,2,21,0.0027847792739415698
137,"GO:0051087,GO:0042803,GO:0006457,GO:0000774",3,2132,0.0027879785331842554
137,"GO:0043169,GO:0005975,GO:0003824,GO:0005509,GO:0004556",3,2132,0.0027879785331842554
137,"GO:0051536,GO:0003824,GO:0008173,GO:0006364,GO:0005737",3,2132,0.0027879785331842554
137,"GO:0016301,GO:0008152,GO:0005524",3,2132,0.0027879785331842554
137,"GO:0006779,GO:0004853",3,2132,0.0027879785331842554
165,"GO:0006164,GO:0005525,GO:0004019",1,22,0.0028086285144072695
227,"GO:0034715,GO:0034709,GO:0006884,GO:0006821,GO:0005886,GO:0005829,GO:0000387",1,22,0.0028086285144072695
194,GO:0051726,1,33,0.0028092265016875055
194,"GO:0043189,GO:0006355,GO:0005634",1,33,0.0028092265016875055
207,"GO:0016579,GO:0004843",1,33,0.0028092265016875055
137,"GO:0016020,GO:0008236,GO:0006508",5,2132,0.0028220751684212278
193,"GO:0032783,GO:0006355",1,67,0.0028537354118749465
193,"GO:0046540,GO:0000398",1,67,0.0028537354118749465
193,GO:0000398,1,67,0.0028537354118749465
193,"GO:0006396,GO:0003723,GO:0003676",1,67,0.0028537354118749465
193,"GO:0010338,GO:0006351,GO:0005634",1,67,0.0028537354118749465
160,"GO:0005634,GO:0000398",1,67,0.0028537354118749465
160,"GO:0006886,GO:0005737,GO:0007033",1,67,0.0028537354118749465
160,"GO:0030131,GO:0016192,GO:0006886",1,67,0.0028537354118749465
137,"GO:0055085,GO:0016020,GO:0015297,GO:0015238,GO:0006855",6,2132,0.002858231801802802
252,"GO:0055114,GO:0016491,GO:0015995,GO:0015979",1,34,0.002894292893114104
252,GO:0015926,1,34,0.002894292893114104
252,GO:0019295,1,34,0.002894292893114104
184,"GO:0042176,GO:0030234,GO:0000502",1,68,0.0028963284777238267
184,"GO:0008236,GO:0006508,GO:0004252",1,68,0.0028963284777238267
184,"GO:0005515,GO:0006470,GO:0004722,GO:0004721",1,68,0.0028963284777238267
184,"GO:0055114,GO:0006260",1,68,0.0028963284777238267
164,"GO:0070652,GO:0051297,GO:0051225",1,35,0.0029793556560476385
164,GO:0051726,1,35,0.0029793556560476385
164,"GO:0043189,GO:0006355,GO:0005634",1,35,0.0029793556560476385
164,GO:0010508,1,35,0.0029793556560476385
246,"GO:0055114,GO:0051920,GO:0016491,GO:0016209",1,70,0.002981514609421586
246,"GO:0016151,GO:0006807,GO:0003924",1,70,0.002981514609421586
246,"GO:0008270,GO:0003676,GO:0006265,GO:0005694,GO:0003916,GO:0003677,GO:0003917",1,70,0.002981514609421586
246,"GO:0016491,GO:0055114,GO:0018580",1,70,0.002981514609421586
246,"GO:0030246,GO:0005975",1,70,0.002981514609421586
246,"GO:0016774,GO:0016310,GO:0016301,GO:0008152,GO:0005622",1,70,0.002981514609421586
246,GO:0016791,1,70,0.002981514609421586
246,"GO:0006265,GO:0003916,GO:0003677,GO:0003917",1,70,0.002981514609421586
246,"GO:0009228,GO:0004417",1,70,0.002981514609421586
53,"GO:0055114,GO:0016616,GO:0006694,GO:0003854",2,71,0.0030138342840521515
157,GO:0008270,2,22,0.003055815293028941
226,"GO:0034715,GO:0034709,GO:0006884,GO:0006821,GO:0005886,GO:0005829,GO:0000387",1,24,0.00306369728736046
240,"GO:0006367,GO:0005672",1,24,0.00306369728736046
250,"GO:0006310,GO:0006281,GO:0005524,GO:0003910,GO:0003677",1,36,0.0030644147904881065
250,GO:0008242,1,36,0.0030644147904881065
148,"GO:0003676,GO:0005852,GO:0005737,GO:0003743",1,73,0.0031092938069682253
148,"GO:0003676,GO:0045292,GO:0005846,GO:0000339",1,73,0.0031092938069682253
137,GO:0005525,20,2132,0.0031131739051191674
163,"GO:0043565,GO:0006355,GO:0003700",2,26,0.0031138649040359707
193,"GO:0008270,GO:0005515",3,67,0.003117636264081159
146,"GO:0008270,GO:0005622,GO:0005515",2,201,0.0031368377408957774
166,"GO:0046872,GO:0016021,GO:0015979,GO:0009523,GO:0016020,GO:0009539",1,75,0.0031944799386659853
172,"GO:0016787,GO:0005524,GO:0003677,GO:0005634,GO:0016818,GO:0008026,GO:0006139,GO:0003676",1,75,0.0031944799386659853
172,"GO:0006614,GO:0005525,GO:0048500,GO:0008312",1,75,0.0031944799386659853
166,"GO:0015979,GO:0009539,GO:0009523",1,75,0.0031944799386659853
247,GO:0005524,3,63,0.0032398017786143124
-1,"GO:0006260,GO:0005524,GO:0003677",5,7479,0.003277301253741554
-1,"GO:0005515,GO:0043161,GO:0006289,GO:0003684",5,7479,0.003277301253741554
-1,"GO:0005515,GO:0000160",5,7479,0.003277301253741554
-1,"GO:0005515,GO:0007165,GO:0000155,GO:0000160",5,7479,0.003277301253741554
174,"GO:0055114,GO:0050662,GO:0015936,GO:0004420",1,26,0.003318722561055925
174,"GO:0016624,GO:0008152",1,26,0.003318722561055925
251,"GO:0030170,GO:0019752,GO:0016831",2,232,0.0033436821224110138
251,GO:0016301,2,232,0.0033436821224110138
126,"GO:0006749,GO:0003840",1,79,0.003364852202061504
126,"GO:0005975,GO:0004560",1,79,0.003364852202061504
177,"GO:0042393,GO:0006355",1,40,0.003404615043319326
232,GO:0006359,1,80,0.003407445267910384
232,"GO:0006351,GO:0005634,GO:0003899",1,80,0.003407445267910384
232,"GO:0006310,GO:0006302,GO:0005634,GO:0003677",1,80,0.003407445267910384
232,"GO:0043486,GO:0006355,GO:0006338,GO:0005634",1,80,0.003407445267910384
232,"GO:0016772,GO:0006388",1,80,0.003407445267910384
232,GO:0015743,1,80,0.003407445267910384
232,"GO:0008080,GO:0016568,GO:0004402,GO:0016573,GO:0006348,GO:0005634",1,80,0.003407445267910384
232,"GO:0006914,GO:0005737",1,80,0.003407445267910384
230,GO:0016787,4,127,0.003445228286772526
137,"GO:0055085,GO:0016020",4,2132,0.0035185796223108847
224,"GO:0006351,GO:0003899,GO:0003677",2,124,0.0035728724072216465
195,"GO:0055114,GO:0016491,GO:0009073,GO:0003856",1,21,0.003573248096377054
179,GO:0051087,1,21,0.003573248096377054
72,GO:0042254,1,28,0.0035737043392031487
82,"GO:0007165,GO:0005515,GO:0006468,GO:0005524,GO:0004672",1,84,0.0035778175313059034
194,"GO:0006355,GO:0003677",2,33,0.003657575943532836
127,"GO:0042765,GO:0016255",1,43,0.003659727133765554
75,"GO:0016020,GO:0015002,GO:0019646",1,86,0.003663003663003663
75,"GO:0017004,GO:0016020,GO:0015886,GO:0015232",1,86,0.003663003663003663
75,"GO:0055114,GO:0051287,GO:0048038,GO:0016651,GO:0016020",1,86,0.003663003663003663
110,None,39,56,0.003698919204650282
234,"GO:0032259,GO:0008168,GO:0001510",1,29,0.003701178918605383
159,"GO:0030126,GO:0016192,GO:0006886,GO:0005198,GO:0030117,GO:0005737",1,29,0.003701178918605383
227,"GO:0008270,GO:0005634",1,22,0.003743163559037005
203,"GO:0043666,GO:0009966,GO:0004864",1,44,0.0037447572402614987
185,GO:0005525,3,64,0.003745465167451995
206,"GO:0005681,GO:0000398,GO:0000387",1,88,0.003748189794701422
206,"GO:0008270,GO:0019789",1,88,0.003748189794701422
135,"GO:0016887,GO:0005524",2,55,0.003776907668834573
223,GO:0098519,1,30,0.003828642625511612
128,"GO:0016021,GO:0008146",1,91,0.003875968992248062
128,"GO:0007165,GO:0005578,GO:0005509",1,91,0.003875968992248062
219,"GO:0008270,GO:0005515,GO:0046872",1,31,0.003956095460385524
36,"GO:0016747,GO:0016020,GO:0006633",1,31,0.003956095460385524
137,"GO:0030955,GO:0006096,GO:0004743,GO:0000287",6,2132,0.003961297730184011
191,GO:0008168,2,35,0.00398264577730552
8,"GO:0003676,GO:0008270",1,24,0.004082929290133767
210,None,71,111,0.0041283452851182435
212,"GO:0006355,GO:0003713,GO:0003677",1,49,0.004169853345345242
212,"GO:0042254,GO:0005634",1,49,0.004169853345345242
229,"GO:0017119,GO:0006891",1,33,0.004210968515891131
229,"GO:0042147,GO:0030904,GO:0015031,GO:0008565",1,33,0.004210968515891131
229,"GO:0006810,GO:0005643",1,33,0.004210968515891131
184,GO:0016020,3,68,0.004334519418958366
190,"GO:0034314,GO:0007015,GO:0005885,GO:0005524",1,34,0.0043383887374501984
252,"GO:0055114,GO:0051287,GO:0046168,GO:0016616,GO:0005975,GO:0004367,GO:0009331,GO:0006072",1,34,0.0043383887374501984
238,"GO:0030150,GO:0005742",1,34,0.0043383887374501984
210,"GO:0008138,GO:0006470",2,111,0.0043866453098378635
220,"GO:0046961,GO:0046933,GO:0015986,GO:0000275",1,26,0.0044226081079531574
249,"GO:0006269,GO:0003896",1,52,0.004424867466478702
249,"GO:0052689,GO:0006482",1,52,0.004424867466478702
50,"GO:0022857,GO:0016021",1,21,0.004464658243347151
164,"GO:0051016,GO:0008290",1,35,0.004465798088831687
244,None,19,24,0.004494353977967483
122,"GO:0055085,GO:0016020,GO:0006814,GO:0005215",1,106,0.004514864979981259
122,"GO:0016021,GO:0006869,GO:0005319",1,106,0.004514864979981259
122,"GO:0015770,GO:0008515,GO:0005887",1,106,0.004514864979981259
122,"GO:0055085,GO:0016021,GO:0015770,GO:0008515,GO:0005887",1,106,0.004514864979981259
122,"GO:0016021,GO:0015700,GO:0015105",1,106,0.004514864979981259
250,"GO:0005515,GO:0016773",1,36,0.004593196570499284
86,"GO:0006412,GO:0005840,GO:0003735,GO:0005622",1,109,0.004642644177527898
76,"GO:0016020,GO:0009055,GO:0008137",1,55,0.004679848931174572
132,"GO:0006468,GO:0004672,GO:0005515",1,55,0.004679848931174572
210,"GO:0080028,GO:0019762",1,111,0.004727830309225659
210,GO:0044599,1,111,0.004727830309225659
210,"GO:0006397,GO:0046872",1,111,0.004727830309225659
210,GO:0019905,1,111,0.004727830309225659
221,"GO:0051301,GO:0031110,GO:0008017,GO:0007067,GO:0007059,GO:0005876,GO:0000940,GO:0000090",1,112,0.004770423375074538
221,"GO:0006122,GO:0005750",1,112,0.004770423375074538
218,None,17,21,0.0047852590436065125
98,None,17,21,0.0047852590436065125
109,"GO:0008270,GO:0005515",2,24,0.00484672959592233
141,"GO:0016149,GO:0006415,GO:0005737",1,57,0.004849818431839827
204,"GO:0022857,GO:0016021",1,23,0.004889030693536998
-1,"GO:0030170,GO:0009058",12,7479,0.00490613761941277
137,GO:0003723,9,2132,0.004928807398446992
99,"GO:0016021,GO:0008250,GO:0004579",1,58,0.004934797739432853
209,"GO:0055114,GO:0016491,GO:0016616,GO:0019752",1,59,0.005019773418532817
209,"GO:0008184,GO:0005975",1,59,0.005019773418532817
209,"GO:0043039,GO:0016876,GO:0005524,GO:0006418,GO:0004812,GO:0000166",1,59,0.005019773418532817
102,"GO:0007165,GO:0005515,GO:0043531",1,20,0.005100837262916436
125,"GO:0009116,GO:0003824",1,30,0.005101705063050895
125,"GO:0008236,GO:0006508",1,30,0.005101705063050895
223,GO:0006284,1,30,0.005101705063050895
225,"GO:0046872,GO:0016567,GO:0004842",1,60,0.005104745469139715
225,"GO:0016151,GO:0006807",1,60,0.005104745469139715
225,"GO:0051536,GO:0016226,GO:0005737",1,60,0.005104745469139715
-1,"GO:0008152,GO:0003824",35,7479,0.00512473401856556
158,"GO:0017056,GO:0005643",1,121,0.005153760967714457
158,"GO:0030274,GO:0005634,GO:0003712",1,121,0.005153760967714457
168,"GO:0003824,GO:0006468,GO:0004672",1,41,0.005230025949357892
233,"GO:0055114,GO:0051287,GO:0004471",1,123,0.005238947099412215
224,"GO:0005622,GO:0003676,GO:0008408,GO:0006139",1,124,0.005281540165261095
224,"GO:0006397,GO:0005634",1,124,0.005281540165261095
224,"GO:0006367,GO:0006366,GO:0005674",1,124,0.005281540165261095
224,"GO:0006260,GO:0005634,GO:0003677",1,124,0.005281540165261095
224,"GO:0008270,GO:0016573,GO:0006357",1,124,0.005281540165261095
224,"GO:0045892,GO:0005634,GO:0043968,GO:0043967,GO:0035267,GO:0006338,GO:0006281",1,124,0.005281540165261095
-1,GO:0003993,6,7479,0.005311229711357839
169,"GO:0016773,GO:0016020,GO:0005524,GO:0006468,GO:0004672",1,21,0.00535530887074415
247,"GO:0006281,GO:0004519",1,63,0.005359639850002014
230,GO:0031083,1,127,0.0054093193628077345
230,GO:0016480,1,127,0.0054093193628077345
230,"GO:0030173,GO:0006891",1,127,0.0054093193628077345
230,"GO:0034453,GO:0005815",1,127,0.0054093193628077345
230,"GO:0006397,GO:0000445",1,127,0.0054093193628077345
230,"GO:0055085,GO:0016020,GO:0006814,GO:0005215,GO:0008324,GO:0006813,GO:0016021",1,127,0.0054093193628077345
230,"GO:0007031,GO:0005779",1,127,0.0054093193628077345
230,"GO:0035299,GO:0005524",1,127,0.0054093193628077345
230,"GO:0006338,GO:0000228",1,127,0.0054093193628077345
230,"GO:0051382,GO:0006281",1,127,0.0054093193628077345
189,"GO:0009058,GO:0003824",2,130,0.0054152595518756124
107,"GO:0035556,GO:0016020",1,32,0.005441123229971605
115,"GO:0005975,GO:0004650",1,32,0.005441123229971605
107,"GO:0016021,GO:0008233,GO:0006465,GO:0005787",1,32,0.005441123229971605
185,GO:0015035,1,64,0.0054445973866366505
214,"GO:0005515,GO:0003723",2,390,0.0054693659941847045
134,"GO:0006351,GO:0003899,GO:0003677,GO:0032549",1,43,0.005484681629133081
222,"GO:0055114,GO:0020037,GO:0016021,GO:0009060,GO:0009055,GO:0005506,GO:0004129",1,26,0.005525318007808027
189,"GO:0019867,GO:0009254,GO:0004553",1,130,0.005537098560354373
189,GO:0003796,1,130,0.005537098560354373
193,GO:0005634,2,67,0.005553314464339226
41,GO:0009790,1,131,0.005579691626203254
165,"GO:0032259,GO:0008168",1,22,0.005609726236424992
194,"GO:0010468,GO:0005777",1,33,0.0056107997422585685
193,"GO:0008168,GO:0006139",1,67,0.005699448225582164
160,"GO:0030126,GO:0016192,GO:0006886,GO:0005198,GO:0030117",1,67,0.005699448225582164
160,"GO:0005515,GO:0042176,GO:0030234,GO:0000502",1,67,0.005699448225582164
198,"GO:0005739,GO:0004129",1,34,0.005780454542899684
216,GO:0031047,1,23,0.005864089369208988
204,GO:0031047,1,23,0.005864089369208988
137,"GO:0020037,GO:0009055",4,2132,0.005880194737494254
137,"GO:0006457,GO:0005737",4,2132,0.005880194737494254
172,GO:0008080,2,75,0.005912941638381141
246,"GO:0016743,GO:0006520,GO:0016597",1,70,0.00595426640809009
246,"GO:0009231,GO:0008531",1,70,0.00595426640809009
246,"GO:0004523,GO:0003723",1,70,0.00595426640809009
186,"GO:0070569,GO:0008152",1,24,0.006118398278344983
106,GO:0015979,1,24,0.006118398278344983
231,"GO:0006355,GO:0005667,GO:0003700",1,24,0.006118398278344983
186,GO:0031047,1,24,0.006118398278344983
226,GO:0000062,1,24,0.006118398278344983
116,"GO:0008061,GO:0016998,GO:0006032,GO:0004568",1,48,0.006121130681608409
-1,"GO:0016021,GO:0004190",7,7479,0.006239838845922216
142,"GO:0046983,GO:0003677",1,21,0.006245200593380243
235,"GO:0006164,GO:0005525,GO:0004019",1,49,0.00624838789919079
192,"GO:0016593,GO:0016570,GO:0006368",1,37,0.006289288693469693
-1,GO:0005543,9,7479,0.006302974108403334
124,None,20,26,0.006372272998360417
166,"GO:0055114,GO:0042773,GO:0008137",1,75,0.006378890809075324
248,GO:0003824,2,158,0.006415272599627267
198,None,25,34,0.006443264799487329
137,"GO:0055114,GO:0033743,GO:0030091,GO:0016671,GO:0006979",3,2132,0.006498147323569914
137,GO:0019867,3,2132,0.006498147323569914
206,None,57,88,0.006521600417972823
165,"GO:0008233,GO:0006508",1,22,0.006541755293292689
130,"GO:0005634,GO:0000989",1,31,0.0065850735440548805
219,"GO:0005515,GO:0016567,GO:0004842",1,31,0.0065850735440548805
222,"GO:0009231,GO:0008686",1,26,0.006626853462662412
174,"GO:0006556,GO:0004478,GO:0005524",1,26,0.006626853462662412
249,"GO:0006259,GO:0005694,GO:0005524,GO:0003824,GO:0003677,GO:0000737",1,52,0.006630094374458898
200,GO:0003677,3,102,0.006687995203663307
126,"GO:0048038,GO:0016901,GO:0005975",1,79,0.006718525016988332
126,"GO:0046556,GO:0046373",1,79,0.006718525016988332
126,"GO:0008484,GO:0008152",1,79,0.006718525016988332
126,"GO:0055114,GO:0050660,GO:0016614,GO:0010430",1,79,0.006718525016988332
248,"GO:0006508,GO:0004176,GO:0005524,GO:0004252,GO:0030163",1,158,0.006729704404123008
248,"GO:0006468,GO:0005524,GO:0004672,GO:0004674",1,158,0.006729704404123008
248,"GO:0016787,GO:0006541,GO:0006177,GO:0006164,GO:0005524,GO:0003922",1,158,0.006729704404123008
248,"GO:0006508,GO:0004176,GO:0005524,GO:0030163,GO:0004252",1,158,0.006729704404123008
248,"GO:0043039,GO:0005737,GO:0005524,GO:0004812,GO:0000049",1,158,0.006729704404123008
248,"GO:0043022,GO:0042256",1,158,0.006729704404123008
248,"GO:0006071,GO:0004371",1,158,0.006729704404123008
248,"GO:0009116,GO:0006207,GO:0004590",1,158,0.006729704404123008
248,"GO:0055114,GO:0004764,GO:0003855",1,158,0.006729704404123008
248,"GO:0043419,GO:0016151,GO:0016787",1,158,0.006729704404123008
248,"GO:0016887,GO:0005524,GO:0019538",1,158,0.006729704404123008
248,"GO:0043039,GO:0005737,GO:0005524,GO:0004812,GO:0000049,GO:0006432,GO:0003723,GO:0000287,GO:0004826",1,158,0.006729704404123008
248,"GO:0055114,GO:0003995,GO:0006635,GO:0005777,GO:0003997",1,158,0.006729704404123008
248,"GO:0055114,GO:0016491,GO:0008610",1,158,0.006729704404123008
248,"GO:0009298,GO:0005737,GO:0004615",1,158,0.006729704404123008
248,"GO:0016829,GO:0006099",1,158,0.006729704404123008
248,"GO:0008236,GO:0006508,GO:0046294,GO:0018738",1,158,0.006729704404123008
248,"GO:0055114,GO:0006561,GO:0004735",1,158,0.006729704404123008
248,"GO:0006418,GO:0005737,GO:0005524,GO:0004812,GO:0000166,GO:0043039,GO:0016876",1,158,0.006729704404123008
232,"GO:0008295,GO:0006597,GO:0004014",1,80,0.006803424497733919
232,GO:0070461,1,80,0.006803424497733919
232,"GO:0035267,GO:0032777,GO:0006357",1,80,0.006803424497733919
232,"GO:0051087,GO:0001671",1,80,0.006803424497733919
232,"GO:0030688,GO:0006364",1,80,0.006803424497733919
232,GO:0004725,1,80,0.006803424497733919
232,"GO:0016020,GO:0009055,GO:0008137",1,80,0.006803424497733919
118,"GO:0008233,GO:0006508",1,23,0.006838234135079309
202,None,28,39,0.0069092230552499235
172,"GO:0016887,GO:0005524",2,75,0.006911929929254787
215,"GO:0051716,GO:0046658",1,163,0.006942669733367407
65,"GO:0009055,GO:0006468,GO:0005524,GO:0004672",1,164,0.006985262799216287
65,"GO:0030247,GO:0006468,GO:0004672",1,164,0.006985262799216287
65,"GO:0005509,GO:0030247,GO:0006468,GO:0005524,GO:0004672",1,164,0.006985262799216287
65,"GO:0006468,GO:0004672,GO:0030246",1,164,0.006985262799216287
229,"GO:0007018,GO:0003777",1,33,0.0070087227041954105
124,GO:0016787,2,26,0.007038825756161182
59,"GO:0033617,GO:0005739",1,166,0.007070448930914046
59,GO:0004129,1,166,0.007070448930914046
59,"GO:0045980,GO:0005739,GO:0004857",1,166,0.007070448930914046
59,GO:0031966,1,166,0.007070448930914046
118,None,18,23,0.0070767019863634964
244,"GO:0016592,GO:0006357,GO:0001104",1,24,0.007134637134911091
244,"GO:0046933,GO:0015986",1,24,0.007134637134911091
248,"GO:0055114,GO:0016491,GO:0010181",2,158,0.007138515663055503
248,"GO:0030170,GO:0009058",2,158,0.007138515663055503
196,"GO:0006351,GO:0003899,GO:0003677,GO:0032549",1,56,0.00713888427800956
110,"GO:0009611,GO:0004867",1,56,0.00713888427800956
195,GO:0005515,4,21,0.007245715495650029
75,"GO:0020037,GO:0017004,GO:0016020,GO:0015886,GO:0015232",1,86,0.007312745183853076
75,"GO:0055114,GO:0042773,GO:0008137",1,86,0.007312745183853076
121,"GO:0030246,GO:0016020,GO:0008378,GO:0006486",1,58,0.007393214068071161
203,GO:0051087,1,44,0.007475808816237155
206,GO:0003682,1,88,0.00748248971794827
206,"GO:0030688,GO:0006364",1,88,0.00748248971794827
206,"GO:0006396,GO:0003723",1,88,0.00748248971794827
120,"GO:0006488,GO:0005789,GO:0004583",1,176,0.007496379589402844
120,"GO:0016758,GO:0016021,GO:0005783",1,176,0.007496379589402844
120,"GO:0016021,GO:0006506",1,176,0.007496379589402844
120,"GO:0016021,GO:0006481,GO:0004671",1,176,0.007496379589402844
120,"GO:0016021,GO:0006506,GO:0016758",1,176,0.007496379589402844
120,"GO:0016021,GO:0035434,GO:0005375",1,176,0.007496379589402844
120,"GO:0016746,GO:0016021,GO:0006506,GO:0005789",1,176,0.007496379589402844
209,"GO:0055114,GO:0016491,GO:0016616,GO:0016615,GO:0006108",1,59,0.007520362674296431
167,"GO:0003824,GO:0006468,GO:0004672",1,59,0.007520362674296431
147,"GO:0055114,GO:0016491,GO:0016209",1,20,0.007641977314547672
250,"GO:0007017,GO:0005875",1,36,0.007643925430361956
225,"GO:0016568,GO:0005634",1,60,0.007647500421936259
128,GO:0006491,1,91,0.007737079305393072
128,"GO:0016020,GO:0007155,GO:0006508,GO:0004222",1,91,0.007737079305393072
128,"GO:0008270,GO:0006508,GO:0004181",1,91,0.007737079305393072
156,"GO:0016627,GO:0016021,GO:0006629,GO:0005737",1,37,0.007855587420501374
247,"GO:0034314,GO:0007015,GO:0005885,GO:0005524",1,63,0.008028848517979944
116,"GO:0005975,GO:0004650",1,48,0.008153343066157196
185,"GO:0055114,GO:0009089,GO:0008839",1,64,0.00815594283591486
185,"GO:0006508,GO:0005622,GO:0004177",1,64,0.00815594283591486
211,"GO:0007067,GO:0007049,GO:0005634,GO:0000775",1,193,0.0082204617088338
211,"GO:0036158,GO:0036157",1,193,0.0082204617088338
211,GO:0006744,1,193,0.0082204617088338
211,"GO:0042384,GO:0042073,GO:0030992,GO:0015631",1,193,0.0082204617088338
211,"GO:0048487,GO:0042384,GO:0042073,GO:0030992",1,193,0.0082204617088338
211,GO:0000228,1,193,0.0082204617088338
137,"GO:0009058,GO:0005524,GO:0016874",2,2132,0.008242651758175608
137,"GO:0055114,GO:0051537,GO:0016491,GO:0042651,GO:0009496,GO:0016679",2,2132,0.008242651758175608
137,"GO:0055114,GO:0016655",2,2132,0.008242651758175608
137,GO:0006450,2,2132,0.008242651758175608
137,"GO:0055114,GO:0050661,GO:0033014,GO:0008883",2,2132,0.008242651758175608
137,"GO:0015979,GO:0051539,GO:0016992,GO:0009107",2,2132,0.008242651758175608
137,"GO:0055114,GO:0010181,GO:0004733",2,2132,0.008242651758175608
137,"GO:0051536,GO:0003824,GO:0051539,GO:0016992,GO:0009107",2,2132,0.008242651758175608
137,"GO:0008270,GO:0003676,GO:0016787,GO:0005524,GO:0003677,GO:0005634,GO:0004386,GO:0003723",2,2132,0.008242651758175608
137,"GO:0003723,GO:0005525",2,2132,0.008242651758175608
137,"GO:0016833,GO:0009058",2,2132,0.008242651758175608
137,"GO:0055114,GO:0016730",2,2132,0.008242651758175608
137,"GO:0006164,GO:0004643,GO:0003937",2,2132,0.008242651758175608
137,"GO:0006396,GO:0004525,GO:0003723",2,2132,0.008242651758175608
137,"GO:0055114,GO:0051537,GO:0016491,GO:0010277",2,2132,0.008242651758175608
137,"GO:0016740,GO:0008033",2,2132,0.008242651758175608
137,"GO:0051745,GO:0050992,GO:0046872,GO:0019288",2,2132,0.008242651758175608
137,"GO:0006415,GO:0003747",2,2132,0.008242651758175608
137,"GO:0042398,GO:0004357",2,2132,0.008242651758175608
137,"GO:0016742,GO:0009058",2,2132,0.008242651758175608
137,"GO:0016851,GO:0015995,GO:0015979",2,2132,0.008242651758175608
137,"GO:0016597,GO:0008152,GO:0055114,GO:0051287,GO:0016616",2,2132,0.008242651758175608
137,"GO:0030145,GO:0016021,GO:0015979,GO:0009523",2,2132,0.008242651758175608
137,GO:0019538,2,2132,0.008242651758175608
137,GO:0010181,2,2132,0.008242651758175608
137,GO:0000105,2,2132,0.008242651758175608
137,GO:0004425,2,2132,0.008242651758175608
137,"GO:0009245,GO:0008915",2,2132,0.008242651758175608
137,GO:0006364,2,2132,0.008242651758175608
137,"GO:0033014,GO:0004852",2,2132,0.008242651758175608
137,"GO:0006614,GO:0005525",2,2132,0.008242651758175608
137,"GO:0008299,GO:0016765,GO:0015979",2,2132,0.008242651758175608
137,"GO:0055114,GO:0051536,GO:0016651,GO:0016491",2,2132,0.008242651758175608
137,"GO:0005515,GO:0070402,GO:0055114,GO:0046872,GO:0030604,GO:0008299",2,2132,0.008242651758175608
137,"GO:0042586,GO:0005506",2,2132,0.008242651758175608
137,"GO:0015031,GO:0006457",2,2132,0.008242651758175608
137,"GO:0005737,GO:0003879,GO:0000287,GO:0000105",2,2132,0.008242651758175608
137,"GO:0055114,GO:0046429,GO:0016114",2,2132,0.008242651758175608
137,"GO:0055085,GO:0042626,GO:0016021,GO:0006810,GO:0005524,GO:0016887",2,2132,0.008242651758175608
137,"GO:0030234,GO:0006808",2,2132,0.008242651758175608
137,"GO:0043190,GO:0006810",2,2132,0.008242651758175608
137,"GO:0004424,GO:0000105",2,2132,0.008242651758175608
137,"GO:0009231,GO:0003935,GO:0008686",2,2132,0.008242651758175608
202,GO:0042393,1,39,0.008278803050644873
213,"GO:0006355,GO:0003713,GO:0003677",1,98,0.008330994678840319
184,"GO:0006351,GO:0003899,GO:0003677,GO:0032549",1,68,0.008664211549621239
184,"GO:0055114,GO:0009396,GO:0004488,GO:0003824",1,68,0.008664211549621239
184,"GO:0055114,GO:0051287",1,68,0.008664211549621239
200,"GO:0008270,GO:0031668,GO:0019789,GO:0016925,GO:0016049,GO:0005634",1,102,0.008670295065391305
133,"GO:0005515,GO:0016567,GO:0004842",1,41,0.008701874244756916
-1,"GO:0055114,GO:0016491,GO:0006633,GO:0005506",12,7479,0.008734230185186017
249,GO:0016884,1,52,0.008830530374140609
217,"GO:0042393,GO:0006355",1,104,0.008839923487708406
217,"GO:0031145,GO:0030071,GO:0005680",1,104,0.008839923487708406
223,"GO:0007165,GO:0000155,GO:0000160",1,30,0.008911463358078318
125,GO:0003993,1,30,0.008911463358078318
191,"GO:0032259,GO:0008168",1,35,0.008912220162057484
237,"GO:0015986,GO:0015078",1,35,0.008912220162057484
246,"GO:0030976,GO:0000287,GO:0003824",1,70,0.00891828077814605
246,"GO:0055114,GO:0051920,GO:0016491",1,70,0.00891828077814605
122,"GO:0034755,GO:0016021,GO:0005381",1,106,0.009009537396053242
127,"GO:0016021,GO:0015012",1,43,0.009124801039810755
150,"GO:0046872,GO:0005515",1,72,0.009172306592731256
191,GO:0006629,2,35,0.009198805683341676
153,"GO:0055114,GO:0051287,GO:0016616,GO:0008152",1,31,0.00920733591678241
86,"GO:0003723,GO:0019843,GO:0005622",1,109,0.00926393104487251
148,"GO:0046872,GO:0003676",1,73,0.009299303220955716
-1,GO:0008270,39,7479,0.009428530245880237
210,"GO:0016746,GO:0008152,GO:0006644",1,111,0.009433508668286694
194,None,24,33,0.009452722716777745
221,"GO:0008173,GO:0008171,GO:0001510",1,112,0.00951829203725419
241,GO:0000723,1,45,0.00954758347277335
166,"GO:0016021,GO:0015979,GO:0009523",1,75,0.009553263921586796
172,GO:0032040,1,75,0.009553263921586796
118,"GO:0008374,GO:0006629",1,23,0.009755193147341065
119,"GO:0055085,GO:0016021,GO:0008308,GO:0006873",1,33,0.009798853912278312
229,"GO:0007165,GO:0000155,GO:0000160",1,33,0.009798853912278312
99,"GO:0016021,GO:0008233,GO:0006465,GO:0005787",1,58,0.009845661079106387
251,"GO:0050385,GO:0000256",1,232,0.009881591276940114
251,"GO:0046872,GO:0003824,GO:0046537",1,232,0.009881591276940114
251,"GO:0003824,GO:0030145,GO:0006007,GO:0005737,GO:0004619",1,232,0.009881591276940114
251,"GO:0008641,GO:0006914,GO:0005737",1,232,0.009881591276940114
251,"GO:0043039,GO:0016876,GO:0005524,GO:0006419,GO:0004813,GO:0000166",1,232,0.009881591276940114
251,"GO:0006397,GO:0005634,GO:0004721",1,232,0.009881591276940114
251,"GO:0006265,GO:0003918,GO:0003677,GO:0005524",1,232,0.009881591276940114
251,"GO:0031515,GO:0030488,GO:0016429",1,232,0.009881591276940114
251,"GO:0003924,GO:0007017,GO:0005874,GO:0005525,GO:0005200",1,232,0.009881591276940114
251,"GO:0016742,GO:0009058,GO:0008864,GO:0006189",1,232,0.009881591276940114
251,"GO:0005975,GO:0004553,GO:0033947",1,232,0.009881591276940114
251,"GO:0034227,GO:0005737",1,232,0.009881591276940114
251,GO:0019239,1,232,0.009881591276940114
251,"GO:0006066,GO:0004026",1,232,0.009881591276940114
251,"GO:0016818,GO:0008026,GO:0006139,GO:0005524,GO:0003676,GO:0004003,GO:0003677",1,232,0.009881591276940114
251,"GO:0016780,GO:0008654",1,232,0.009881591276940114
251,"GO:0006281,GO:0003908,GO:0003824",1,232,0.009881591276940114
251,"GO:0055114,GO:0006570,GO:0006559,GO:0004411",1,232,0.009881591276940114
251,GO:0016817,1,232,0.009881591276940114
251,GO:0046677,1,232,0.009881591276940114
251,"GO:0030170,GO:0009058,GO:0016846",1,232,0.009881591276940114
251,"GO:2001070,GO:0005975,GO:0004134",1,232,0.009881591276940114
66,None,27,38,0.00990317885560512
